Time,T° 600,A1,A2,A3,A4,A5,A6,A7,A8,A9,A10,A11,A12,B1,B2,B3,B4,B5,B6,B7,B8,B9,B10,B11,B12,C1,C2,C3,C4,C5,C6,C7,C8,C9,C10,C11,C12,D1,D2,D3,D4,D5,D6,D7,D8,D9,D10,D11,D12,E1,E2,E3,E4,E5,E6,E7,E8,E9,E10,E11,E12,F1,F2,F3,F4,F5,F6,F7,F8,F9,F10,F11,F12,G1,G2,G3,G4,G5,G6,G7,G8,G9,G10,G11,G12,H1,H2,H3,H4,H5,H6,H7,H8,H9,H10,H11,H12
0:14:16,28.2,0.087,0.086,0.086,0.087,0.085,0.085,0.085,0.085,0.086,0.086,0.085,0.085,0.085,0.145,0.143,0.149,0.149,0.145,0.146,0.142,0.144,0.142,0.145,0.086,0.086,0.148,0.153,0.164,0.155,0.157,0.162,0.147,0.151,0.159,0.159,0.086,0.086,0.156,0.16,0.16,0.144,0.148,0.15,0.146,0.159,0.142,0.148,0.086,0.085,0.141,0.147,0.14,0.145,0.151,0.147,0.139,0.14,0.143,0.145,0.086,0.085,0.152,0.156,0.157,0.085,0.087,0.083,0.152,0.153,0.087,0.089,0.088,0.085,0.14,0.159,0.148,0.085,0.087,0.086,0.143,0.141,0.087,0.086,0.088,0.086,0.086,0.086,0.087,0.087,0.09,0.086,0.085,0.085,0.088,0.087,0.087
0:29:16,28.2,0.087,0.086,0.086,0.087,0.085,0.085,0.085,0.085,0.086,0.086,0.085,0.085,0.085,0.137,0.14,0.142,0.145,0.145,0.145,0.137,0.138,0.142,0.144,0.086,0.086,0.148,0.153,0.164,0.163,0.175,0.167,0.145,0.15,0.163,0.168,0.085,0.085,0.163,0.17,0.176,0.141,0.147,0.147,0.149,0.16,0.14,0.145,0.086,0.085,0.142,0.146,0.142,0.142,0.147,0.145,0.138,0.14,0.139,0.141,0.086,0.085,0.151,0.168,0.155,0.085,0.087,0.083,0.151,0.152,0.087,0.089,0.088,0.085,0.135,0.15,0.139,0.085,0.087,0.086,0.137,0.136,0.087,0.086,0.088,0.086,0.086,0.086,0.087,0.087,0.091,0.086,0.085,0.085,0.088,0.087,0.087
0:44:16,28.2,0.087,0.086,0.086,0.087,0.085,0.085,0.085,0.085,0.086,0.086,0.085,0.085,0.085,0.135,0.141,0.141,0.147,0.149,0.148,0.136,0.137,0.142,0.145,0.086,0.086,0.148,0.149,0.164,0.182,0.183,0.206,0.146,0.151,0.169,0.173,0.086,0.086,0.171,0.171,0.174,0.132,0.143,0.137,0.155,0.164,0.141,0.145,0.086,0.085,0.143,0.151,0.143,0.14,0.145,0.149,0.139,0.143,0.139,0.141,0.086,0.085,0.152,0.161,0.162,0.085,0.087,0.083,0.152,0.152,0.087,0.089,0.088,0.085,0.132,0.148,0.139,0.085,0.087,0.086,0.135,0.134,0.087,0.086,0.088,0.086,0.086,0.086,0.087,0.087,0.091,0.086,0.085,0.086,0.088,0.087,0.087
0:59:16,28.2,0.087,0.086,0.086,0.087,0.085,0.085,0.085,0.085,0.086,0.086,0.085,0.085,0.085,0.137,0.138,0.145,0.154,0.155,0.154,0.136,0.135,0.144,0.146,0.086,0.086,0.148,0.157,0.173,0.193,0.175,0.211,0.148,0.152,0.183,0.187,0.085,0.085,0.179,0.177,0.181,0.14,0.144,0.146,0.161,0.174,0.141,0.147,0.086,0.085,0.147,0.147,0.145,0.137,0.146,0.151,0.141,0.143,0.139,0.137,0.086,0.085,0.158,0.154,0.167,0.085,0.087,0.083,0.155,0.155,0.087,0.089,0.087,0.085,0.13,0.147,0.137,0.085,0.087,0.086,0.131,0.13,0.087,0.086,0.088,0.086,0.086,0.086,0.087,0.087,0.091,0.086,0.085,0.085,0.088,0.087,0.087
1:14:16,28.2,0.087,0.086,0.086,0.087,0.085,0.085,0.085,0.085,0.086,0.086,0.085,0.085,0.085,0.136,0.139,0.146,0.153,0.159,0.151,0.137,0.138,0.147,0.149,0.086,0.086,0.147,0.158,0.168,0.198,0.219,0.202,0.151,0.154,0.177,0.188,0.085,0.085,0.186,0.183,0.187,0.136,0.148,0.145,0.167,0.179,0.145,0.151,0.086,0.085,0.158,0.158,0.145,0.141,0.157,0.154,0.145,0.147,0.142,0.139,0.086,0.085,0.164,0.164,0.166,0.085,0.087,0.083,0.161,0.16,0.087,0.089,0.087,0.085,0.134,0.144,0.139,0.085,0.087,0.086,0.132,0.133,0.087,0.086,0.088,0.086,0.086,0.086,0.087,0.087,0.091,0.086,0.085,0.085,0.088,0.087,0.087
1:29:16,28.2,0.087,0.086,0.086,0.087,0.085,0.085,0.085,0.085,0.086,0.086,0.085,0.085,0.085,0.138,0.141,0.153,0.168,0.163,0.163,0.142,0.141,0.154,0.158,0.086,0.086,0.149,0.164,0.184,0.196,0.226,0.203,0.154,0.161,0.206,0.209,0.086,0.086,0.196,0.207,0.206,0.151,0.172,0.153,0.174,0.188,0.147,0.156,0.086,0.085,0.168,0.155,0.168,0.158,0.143,0.157,0.151,0.154,0.145,0.144,0.086,0.085,0.166,0.165,0.167,0.085,0.087,0.083,0.164,0.168,0.087,0.089,0.087,0.085,0.134,0.143,0.145,0.085,0.087,0.086,0.137,0.136,0.087,0.086,0.088,0.086,0.086,0.086,0.087,0.087,0.091,0.086,0.085,0.085,0.088,0.087,0.087
1:44:16,28.2,0.087,0.086,0.086,0.087,0.085,0.085,0.085,0.085,0.086,0.086,0.085,0.085,0.085,0.145,0.145,0.158,0.173,0.167,0.174,0.152,0.148,0.162,0.169,0.086,0.086,0.151,0.172,0.182,0.216,0.216,0.253,0.159,0.169,0.23,0.227,0.085,0.085,0.206,0.203,0.196,0.148,0.176,0.16,0.183,0.195,0.153,0.161,0.086,0.085,0.152,0.165,0.174,0.159,0.151,0.157,0.158,0.165,0.149,0.152,0.086,0.085,0.166,0.177,0.185,0.085,0.087,0.083,0.172,0.179,0.087,0.089,0.087,0.085,0.138,0.15,0.147,0.085,0.087,0.086,0.141,0.14,0.087,0.086,0.088,0.086,0.086,0.086,0.087,0.087,0.091,0.086,0.085,0.085,0.088,0.087,0.087
1:59:16,28.2,0.087,0.086,0.086,0.087,0.085,0.085,0.085,0.085,0.086,0.086,0.085,0.085,0.085,0.158,0.165,0.172,0.185,0.173,0.187,0.163,0.16,0.169,0.177,0.086,0.086,0.158,0.172,0.19,0.227,0.235,0.251,0.166,0.178,0.243,0.24,0.085,0.085,0.22,0.215,0.204,0.163,0.194,0.174,0.192,0.202,0.166,0.188,0.086,0.085,0.179,0.181,0.18,0.164,0.161,0.164,0.166,0.173,0.156,0.16,0.086,0.085,0.172,0.185,0.187,0.085,0.087,0.083,0.182,0.192,0.087,0.089,0.087,0.085,0.142,0.161,0.158,0.085,0.087,0.086,0.15,0.151,0.087,0.086,0.088,0.086,0.086,0.086,0.087,0.087,0.091,0.086,0.085,0.085,0.088,0.087,0.087
2:14:16,28.2,0.087,0.086,0.086,0.087,0.085,0.085,0.085,0.085,0.086,0.086,0.085,0.085,0.085,0.176,0.184,0.195,0.199,0.185,0.203,0.183,0.183,0.184,0.193,0.086,0.086,0.17,0.196,0.207,0.242,0.249,0.245,0.175,0.191,0.27,0.269,0.086,0.086,0.223,0.228,0.205,0.177,0.203,0.187,0.199,0.206,0.189,0.189,0.086,0.085,0.197,0.192,0.201,0.175,0.174,0.173,0.181,0.187,0.169,0.174,0.086,0.085,0.19,0.198,0.203,0.085,0.087,0.083,0.192,0.208,0.087,0.089,0.088,0.085,0.151,0.175,0.175,0.085,0.087,0.086,0.162,0.164,0.087,0.086,0.088,0.086,0.086,0.086,0.087,0.087,0.091,0.086,0.085,0.086,0.088,0.087,0.087
2:29:16,28.2,0.087,0.086,0.086,0.087,0.085,0.085,0.085,0.085,0.086,0.086,0.085,0.085,0.085,0.194,0.205,0.211,0.211,0.2,0.211,0.199,0.21,0.198,0.213,0.086,0.086,0.183,0.203,0.222,0.253,0.259,0.28,0.196,0.205,0.279,0.282,0.086,0.085,0.239,0.205,0.235,0.196,0.227,0.203,0.202,0.21,0.212,0.221,0.086,0.085,0.211,0.209,0.207,0.19,0.186,0.187,0.204,0.203,0.178,0.186,0.086,0.085,0.212,0.215,0.219,0.085,0.087,0.083,0.208,0.22,0.087,0.089,0.088,0.085,0.165,0.19,0.183,0.085,0.087,0.086,0.178,0.175,0.087,0.086,0.088,0.086,0.086,0.086,0.087,0.087,0.092,0.086,0.085,0.085,0.088,0.087,0.087
2:44:16,28.2,0.087,0.086,0.086,0.087,0.085,0.085,0.085,0.085,0.086,0.086,0.085,0.085,0.085,0.223,0.238,0.235,0.239,0.232,0.236,0.238,0.25,0.228,0.233,0.086,0.086,0.205,0.219,0.242,0.267,0.268,0.291,0.221,0.235,0.285,0.29,0.086,0.086,0.242,0.227,0.232,0.211,0.243,0.226,0.223,0.247,0.239,0.25,0.086,0.085,0.219,0.236,0.221,0.203,0.214,0.208,0.212,0.236,0.204,0.205,0.086,0.086,0.221,0.234,0.24,0.085,0.087,0.083,0.24,0.238,0.087,0.089,0.088,0.085,0.197,0.218,0.207,0.085,0.087,0.086,0.197,0.191,0.087,0.086,0.088,0.086,0.086,0.086,0.087,0.087,0.092,0.086,0.085,0.086,0.088,0.087,0.087
2:59:16,28.1,0.087,0.086,0.086,0.087,0.085,0.085,0.085,0.085,0.086,0.086,0.085,0.085,0.085,0.259,0.267,0.276,0.26,0.237,0.253,0.263,0.275,0.244,0.257,0.086,0.086,0.233,0.235,0.253,0.274,0.302,0.31,0.233,0.237,0.304,0.329,0.086,0.086,0.242,0.244,0.251,0.228,0.261,0.247,0.243,0.25,0.257,0.263,0.086,0.085,0.245,0.251,0.252,0.222,0.216,0.226,0.246,0.259,0.233,0.217,0.086,0.086,0.257,0.263,0.276,0.085,0.087,0.083,0.245,0.269,0.087,0.089,0.088,0.085,0.214,0.237,0.221,0.085,0.087,0.086,0.216,0.218,0.087,0.086,0.088,0.086,0.086,0.086,0.087,0.087,0.092,0.086,0.085,0.086,0.088,0.087,0.087
3:14:16,28.1,0.087,0.086,0.086,0.087,0.085,0.085,0.085,0.085,0.086,0.086,0.085,0.085,0.085,0.28,0.278,0.274,0.276,0.278,0.284,0.286,0.298,0.263,0.265,0.086,0.086,0.239,0.262,0.273,0.291,0.317,0.326,0.257,0.274,0.327,0.323,0.086,0.085,0.241,0.246,0.259,0.258,0.3,0.272,0.254,0.261,0.283,0.298,0.086,0.085,0.255,0.273,0.273,0.241,0.251,0.264,0.268,0.284,0.252,0.228,0.086,0.086,0.261,0.285,0.282,0.085,0.087,0.083,0.288,0.291,0.087,0.089,0.088,0.085,0.227,0.266,0.241,0.085,0.087,0.086,0.229,0.231,0.087,0.086,0.088,0.086,0.086,0.086,0.087,0.087,0.092,0.086,0.085,0.085,0.088,0.087,0.087
3:29:16,28.1,0.087,0.086,0.086,0.087,0.085,0.085,0.085,0.085,0.086,0.086,0.085,0.085,0.085,0.308,0.307,0.314,0.304,0.291,0.299,0.319,0.341,0.289,0.281,0.086,0.086,0.255,0.279,0.287,0.329,0.327,0.352,0.277,0.295,0.381,0.355,0.086,0.085,0.251,0.259,0.261,0.295,0.317,0.309,0.272,0.279,0.316,0.319,0.086,0.085,0.275,0.298,0.288,0.262,0.26,0.274,0.288,0.303,0.28,0.246,0.086,0.085,0.29,0.303,0.307,0.085,0.087,0.083,0.315,0.336,0.087,0.089,0.087,0.085,0.25,0.298,0.275,0.085,0.087,0.086,0.262,0.249,0.087,0.086,0.088,0.086,0.086,0.086,0.087,0.087,0.092,0.086,0.085,0.085,0.088,0.087,0.087
3:44:16,28.1,0.087,0.086,0.086,0.087,0.085,0.085,0.085,0.085,0.086,0.086,0.085,0.085,0.085,0.344,0.338,0.339,0.329,0.318,0.32,0.35,0.366,0.316,0.3,0.086,0.086,0.272,0.297,0.313,0.343,0.346,0.368,0.304,0.317,0.387,0.374,0.085,0.085,0.267,0.263,0.266,0.317,0.356,0.342,0.286,0.294,0.352,0.342,0.086,0.085,0.309,0.32,0.318,0.281,0.3,0.302,0.312,0.325,0.306,0.264,0.086,0.086,0.316,0.327,0.329,0.085,0.087,0.083,0.35,0.347,0.087,0.089,0.087,0.085,0.278,0.324,0.285,0.085,0.087,0.086,0.301,0.277,0.087,0.086,0.088,0.086,0.086,0.086,0.087,0.087,0.092,0.086,0.085,0.086,0.088,0.087,0.087
3:59:16,28.1,0.087,0.086,0.086,0.087,0.085,0.085,0.085,0.085,0.086,0.086,0.085,0.085,0.085,0.372,0.371,0.374,0.344,0.348,0.348,0.389,0.399,0.337,0.328,0.086,0.086,0.318,0.323,0.337,0.365,0.374,0.394,0.327,0.342,0.406,0.403,0.086,0.086,0.282,0.273,0.277,0.342,0.383,0.366,0.296,0.322,0.389,0.37,0.086,0.085,0.339,0.348,0.349,0.314,0.314,0.311,0.354,0.356,0.333,0.289,0.086,0.085,0.331,0.347,0.342,0.085,0.087,0.083,0.371,0.399,0.087,0.089,0.088,0.085,0.308,0.325,0.318,0.085,0.087,0.086,0.34,0.317,0.087,0.086,0.088,0.086,0.086,0.086,0.087,0.087,0.092,0.086,0.085,0.086,0.088,0.087,0.087
4:14:16,28.1,0.087,0.086,0.086,0.087,0.085,0.085,0.085,0.085,0.086,0.086,0.085,0.085,0.085,0.402,0.402,0.427,0.372,0.366,0.37,0.412,0.44,0.362,0.343,0.086,0.086,0.326,0.347,0.355,0.384,0.383,0.406,0.333,0.356,0.411,0.42,0.086,0.086,0.297,0.291,0.29,0.374,0.423,0.4,0.317,0.317,0.416,0.397,0.086,0.085,0.354,0.379,0.375,0.339,0.351,0.354,0.362,0.384,0.357,0.302,0.086,0.086,0.349,0.383,0.387,0.085,0.087,0.083,0.394,0.413,0.087,0.089,0.088,0.085,0.315,0.363,0.343,0.085,0.087,0.086,0.365,0.341,0.087,0.086,0.088,0.086,0.086,0.086,0.087,0.087,0.092,0.086,0.085,0.086,0.088,0.087,0.087
4:29:16,28.1,0.087,0.086,0.086,0.087,0.085,0.085,0.085,0.085,0.086,0.086,0.085,0.085,0.085,0.425,0.426,0.429,0.402,0.406,0.398,0.438,0.446,0.401,0.375,0.086,0.086,0.349,0.363,0.373,0.397,0.404,0.439,0.366,0.369,0.432,0.428,0.085,0.086,0.306,0.322,0.31,0.401,0.446,0.433,0.341,0.326,0.422,0.421,0.086,0.085,0.378,0.395,0.393,0.369,0.388,0.398,0.396,0.409,0.377,0.327,0.086,0.086,0.387,0.403,0.405,0.085,0.087,0.083,0.419,0.428,0.087,0.089,0.087,0.085,0.348,0.395,0.362,0.085,0.087,0.086,0.393,0.384,0.087,0.086,0.088,0.086,0.086,0.086,0.087,0.087,0.092,0.086,0.085,0.086,0.088,0.087,0.087
4:44:16,28.1,0.087,0.086,0.086,0.087,0.085,0.085,0.085,0.085,0.086,0.086,0.085,0.085,0.085,0.447,0.436,0.453,0.423,0.429,0.422,0.468,0.491,0.431,0.409,0.086,0.086,0.364,0.387,0.4,0.407,0.423,0.447,0.399,0.396,0.452,0.458,0.086,0.085,0.319,0.319,0.334,0.42,0.483,0.43,0.36,0.345,0.464,0.445,0.086,0.085,0.395,0.412,0.413,0.402,0.407,0.424,0.428,0.433,0.407,0.357,0.086,0.086,0.403,0.415,0.418,0.085,0.087,0.083,0.446,0.462,0.087,0.089,0.087,0.085,0.382,0.425,0.399,0.085,0.087,0.086,0.423,0.423,0.087,0.086,0.088,0.086,0.086,0.086,0.087,0.087,0.092,0.086,0.085,0.086,0.088,0.087,0.087
4:59:16,28.1,0.087,0.086,0.086,0.087,0.085,0.085,0.085,0.085,0.086,0.086,0.085,0.085,0.085,0.469,0.432,0.465,0.467,0.462,0.462,0.501,0.526,0.458,0.433,0.086,0.086,0.385,0.405,0.421,0.43,0.443,0.459,0.417,0.417,0.47,0.476,0.086,0.086,0.328,0.33,0.342,0.452,0.502,0.471,0.369,0.362,0.491,0.479,0.086,0.085,0.418,0.434,0.437,0.437,0.442,0.466,0.449,0.46,0.447,0.385,0.086,0.085,0.409,0.445,0.446,0.085,0.087,0.083,0.47,0.493,0.087,0.089,0.088,0.085,0.408,0.453,0.424,0.085,0.087,0.086,0.45,0.454,0.087,0.086,0.088,0.086,0.086,0.086,0.087,0.087,0.092,0.086,0.085,0.086,0.088,0.087,0.087
5:14:16,28.1,0.087,0.086,0.086,0.087,0.085,0.085,0.085,0.085,0.086,0.086,0.085,0.085,0.085,0.475,0.418,0.486,0.468,0.47,0.486,0.569,0.581,0.506,0.476,0.086,0.086,0.414,0.429,0.441,0.437,0.454,0.459,0.452,0.443,0.481,0.485,0.085,0.085,0.354,0.349,0.367,0.462,0.527,0.494,0.39,0.391,0.521,0.506,0.086,0.085,0.432,0.464,0.457,0.469,0.475,0.477,0.472,0.479,0.484,0.42,0.086,0.085,0.444,0.463,0.466,0.085,0.087,0.083,0.489,0.523,0.087,0.089,0.087,0.085,0.444,0.483,0.467,0.085,0.087,0.086,0.498,0.504,0.087,0.086,0.088,0.086,0.086,0.086,0.087,0.087,0.092,0.086,0.085,0.086,0.088,0.087,0.087
5:29:16,28.1,0.087,0.086,0.086,0.087,0.085,0.085,0.085,0.085,0.086,0.086,0.085,0.085,0.085,0.458,0.392,0.463,0.499,0.498,0.513,0.629,0.639,0.546,0.514,0.086,0.086,0.432,0.453,0.466,0.467,0.462,0.485,0.474,0.476,0.508,0.491,0.086,0.085,0.349,0.368,0.382,0.514,0.567,0.518,0.423,0.415,0.534,0.53,0.086,0.085,0.459,0.485,0.476,0.537,0.521,0.534,0.492,0.504,0.541,0.473,0.086,0.085,0.46,0.489,0.48,0.085,0.087,0.083,0.513,0.549,0.087,0.089,0.087,0.085,0.477,0.522,0.505,0.085,0.087,0.086,0.544,0.553,0.087,0.086,0.088,0.086,0.086,0.086,0.087,0.087,0.092,0.086,0.085,0.086,0.088,0.087,0.087
5:44:16,28.1,0.087,0.086,0.086,0.087,0.085,0.085,0.085,0.085,0.086,0.086,0.085,0.085,0.085,0.433,0.365,0.433,0.5,0.503,0.512,0.682,0.695,0.599,0.566,0.086,0.086,0.457,0.469,0.48,0.477,0.481,0.497,0.501,0.508,0.528,0.515,0.086,0.085,0.363,0.373,0.39,0.524,0.561,0.543,0.44,0.447,0.568,0.56,0.086,0.085,0.473,0.492,0.493,0.581,0.568,0.57,0.512,0.528,0.604,0.533,0.086,0.085,0.481,0.496,0.494,0.085,0.087,0.083,0.535,0.552,0.087,0.089,0.087,0.085,0.542,0.541,0.564,0.085,0.087,0.086,0.62,0.619,0.087,0.086,0.088,0.086,0.086,0.086,0.087,0.087,0.092,0.086,0.085,0.086,0.088,0.087,0.087
5:59:16,28.1,0.087,0.086,0.086,0.087,0.085,0.085,0.085,0.085,0.086,0.086,0.085,0.085,0.085,0.398,0.331,0.405,0.512,0.515,0.527,0.73,0.754,0.635,0.608,0.086,0.086,0.492,0.495,0.505,0.477,0.492,0.519,0.521,0.518,0.535,0.533,0.086,0.086,0.371,0.394,0.428,0.556,0.591,0.564,0.455,0.458,0.585,0.566,0.086,0.085,0.484,0.511,0.509,0.643,0.623,0.627,0.529,0.54,0.65,0.578,0.086,0.085,0.502,0.526,0.52,0.085,0.087,0.083,0.554,0.579,0.087,0.089,0.088,0.085,0.575,0.562,0.619,0.085,0.087,0.086,0.673,0.672,0.087,0.086,0.088,0.086,0.086,0.086,0.087,0.087,0.092,0.086,0.085,0.086,0.088,0.087,0.087
6:14:16,28.1,0.087,0.086,0.086,0.087,0.085,0.085,0.085,0.085,0.086,0.086,0.085,0.085,0.085,0.362,0.301,0.357,0.52,0.524,0.517,0.774,0.787,0.682,0.645,0.086,0.086,0.493,0.509,0.52,0.486,0.513,0.539,0.534,0.532,0.559,0.537,0.086,0.086,0.399,0.402,0.423,0.572,0.615,0.572,0.471,0.488,0.605,0.586,0.086,0.085,0.508,0.538,0.535,0.676,0.667,0.672,0.551,0.559,0.689,0.624,0.086,0.086,0.514,0.535,0.533,0.085,0.087,0.083,0.578,0.596,0.087,0.089,0.088,0.085,0.598,0.578,0.661,0.085,0.087,0.086,0.709,0.706,0.087,0.086,0.088,0.086,0.086,0.086,0.087,0.087,0.092,0.086,0.085,0.086,0.088,0.087,0.087
6:29:16,28.1,0.087,0.086,0.086,0.087,0.085,0.085,0.085,0.085,0.086,0.086,0.085,0.085,0.085,0.323,0.253,0.318,0.507,0.513,0.509,0.801,0.823,0.709,0.67,0.086,0.086,0.499,0.533,0.538,0.499,0.518,0.528,0.556,0.557,0.571,0.564,0.086,0.085,0.414,0.418,0.445,0.589,0.628,0.597,0.497,0.498,0.617,0.602,0.086,0.085,0.516,0.551,0.55,0.718,0.7,0.709,0.569,0.577,0.73,0.66,0.086,0.085,0.534,0.556,0.549,0.085,0.087,0.083,0.59,0.616,0.087,0.089,0.087,0.085,0.617,0.568,0.7,0.085,0.087,0.086,0.743,0.75,0.087,0.086,0.088,0.086,0.086,0.086,0.087,0.087,0.092,0.086,0.085,0.085,0.088,0.087,0.087
6:44:16,28.1,0.087,0.086,0.086,0.087,0.085,0.085,0.085,0.085,0.086,0.086,0.085,0.085,0.085,0.284,0.22,0.279,0.5,0.506,0.495,0.842,0.853,0.742,0.712,0.086,0.086,0.53,0.551,0.562,0.514,0.539,0.555,0.583,0.575,0.585,0.584,0.085,0.085,0.447,0.437,0.463,0.597,0.633,0.623,0.505,0.524,0.652,0.632,0.086,0.085,0.536,0.563,0.568,0.748,0.734,0.735,0.596,0.602,0.766,0.699,0.086,0.085,0.552,0.575,0.566,0.085,0.087,0.083,0.617,0.637,0.087,0.089,0.087,0.085,0.621,0.563,0.723,0.085,0.087,0.086,0.785,0.785,0.087,0.086,0.088,0.086,0.086,0.086,0.087,0.087,0.092,0.086,0.085,0.086,0.088,0.087,0.087
6:59:16,28.1,0.087,0.086,0.086,0.087,0.085,0.085,0.085,0.085,0.086,0.086,0.085,0.085,0.085,0.252,0.204,0.248,0.487,0.493,0.485,0.866,0.874,0.767,0.739,0.086,0.086,0.54,0.561,0.568,0.527,0.554,0.573,0.592,0.588,0.597,0.594,0.085,0.085,0.46,0.452,0.465,0.612,0.644,0.637,0.517,0.54,0.657,0.654,0.086,0.085,0.553,0.577,0.572,0.762,0.753,0.76,0.609,0.615,0.795,0.743,0.086,0.085,0.565,0.584,0.58,0.085,0.087,0.083,0.636,0.646,0.087,0.089,0.087,0.085,0.609,0.55,0.748,0.085,0.087,0.086,0.811,0.809,0.087,0.086,0.088,0.086,0.086,0.086,0.087,0.087,0.092,0.086,0.085,0.086,0.088,0.087,0.087
7:14:16,28.1,0.087,0.086,0.086,0.087,0.085,0.085,0.085,0.085,0.086,0.086,0.085,0.085,0.085,0.224,0.192,0.223,0.47,0.471,0.46,0.88,0.896,0.796,0.758,0.086,0.086,0.543,0.57,0.584,0.533,0.562,0.564,0.604,0.598,0.603,0.599,0.086,0.085,0.453,0.466,0.482,0.619,0.673,0.653,0.547,0.534,0.674,0.663,0.086,0.085,0.561,0.595,0.591,0.776,0.781,0.786,0.609,0.628,0.828,0.764,0.086,0.085,0.577,0.599,0.602,0.085,0.087,0.083,0.643,0.663,0.087,0.089,0.088,0.085,0.601,0.533,0.763,0.085,0.087,0.086,0.839,0.837,0.087,0.086,0.088,0.086,0.086,0.086,0.087,0.087,0.092,0.086,0.085,0.086,0.088,0.087,0.087
7:29:16,28.1,0.087,0.086,0.086,0.087,0.085,0.085,0.085,0.085,0.086,0.086,0.085,0.085,0.085,0.207,0.181,0.209,0.457,0.454,0.449,0.889,0.912,0.818,0.786,0.086,0.086,0.553,0.59,0.587,0.543,0.572,0.569,0.612,0.617,0.613,0.609,0.085,0.085,0.49,0.477,0.499,0.65,0.655,0.663,0.557,0.557,0.687,0.681,0.086,0.085,0.574,0.609,0.609,0.798,0.794,0.801,0.625,0.651,0.847,0.795,0.086,0.085,0.588,0.611,0.609,0.085,0.087,0.083,0.659,0.682,0.087,0.089,0.087,0.085,0.592,0.499,0.774,0.085,0.087,0.086,0.86,0.86,0.087,0.086,0.088,0.086,0.086,0.086,0.087,0.087,0.092,0.086,0.085,0.086,0.088,0.087,0.087
7:44:16,28.1,0.087,0.086,0.086,0.087,0.085,0.085,0.085,0.085,0.086,0.086,0.085,0.085,0.085,0.195,0.169,0.196,0.439,0.442,0.429,0.905,0.921,0.843,0.803,0.086,0.086,0.557,0.605,0.61,0.561,0.576,0.571,0.63,0.635,0.633,0.628,0.086,0.086,0.501,0.49,0.51,0.665,0.683,0.677,0.575,0.553,0.702,0.707,0.086,0.085,0.586,0.617,0.617,0.815,0.818,0.826,0.643,0.659,0.865,0.818,0.086,0.085,0.596,0.618,0.625,0.085,0.087,0.083,0.677,0.695,0.087,0.089,0.087,0.085,0.578,0.487,0.774,0.085,0.087,0.086,0.884,0.886,0.087,0.086,0.088,0.086,0.086,0.086,0.087,0.087,0.092,0.086,0.085,0.086,0.088,0.087,0.087
7:59:16,28.1,0.087,0.086,0.086,0.087,0.085,0.085,0.085,0.085,0.086,0.086,0.085,0.085,0.085,0.184,0.158,0.183,0.42,0.421,0.42,0.925,0.941,0.864,0.844,0.086,0.086,0.562,0.609,0.62,0.566,0.591,0.58,0.651,0.646,0.651,0.638,0.085,0.085,0.529,0.518,0.542,0.677,0.691,0.695,0.599,0.579,0.726,0.723,0.086,0.085,0.605,0.631,0.63,0.828,0.836,0.843,0.661,0.675,0.884,0.846,0.086,0.085,0.615,0.637,0.633,0.085,0.087,0.083,0.695,0.715,0.087,0.089,0.087,0.085,0.56,0.466,0.776,0.085,0.087,0.086,0.898,0.898,0.087,0.086,0.088,0.086,0.086,0.086,0.087,0.087,0.092,0.086,0.085,0.085,0.088,0.087,0.087
8:14:16,28.1,0.087,0.086,0.086,0.087,0.085,0.085,0.085,0.085,0.086,0.086,0.085,0.085,0.085,0.174,0.152,0.17,0.393,0.407,0.399,0.926,0.941,0.869,0.855,0.086,0.086,0.559,0.63,0.63,0.582,0.598,0.596,0.665,0.656,0.65,0.646,0.086,0.085,0.535,0.515,0.54,0.69,0.707,0.707,0.602,0.584,0.728,0.725,0.086,0.085,0.603,0.641,0.644,0.842,0.852,0.852,0.67,0.683,0.893,0.861,0.086,0.085,0.622,0.641,0.641,0.085,0.087,0.083,0.704,0.716,0.087,0.089,0.087,0.085,0.542,0.445,0.767,0.085,0.087,0.086,0.9,0.905,0.087,0.086,0.088,0.086,0.086,0.086,0.087,0.087,0.092,0.086,0.085,0.086,0.088,0.087,0.087
8:29:16,28.1,0.087,0.086,0.086,0.087,0.085,0.085,0.085,0.085,0.086,0.086,0.085,0.085,0.085,0.169,0.15,0.16,0.376,0.389,0.39,0.946,0.955,0.894,0.867,0.086,0.086,0.546,0.639,0.638,0.588,0.602,0.604,0.675,0.666,0.666,0.654,0.086,0.086,0.524,0.538,0.558,0.683,0.697,0.714,0.615,0.586,0.746,0.738,0.086,0.085,0.606,0.638,0.651,0.854,0.863,0.864,0.68,0.693,0.907,0.88,0.086,0.085,0.629,0.646,0.654,0.085,0.087,0.083,0.718,0.725,0.087,0.089,0.087,0.085,0.518,0.433,0.76,0.085,0.087,0.086,0.914,0.912,0.087,0.086,0.088,0.086,0.086,0.086,0.087,0.087,0.092,0.086,0.085,0.086,0.088,0.087,0.087
8:44:16,28.1,0.087,0.086,0.086,0.087,0.085,0.085,0.085,0.085,0.086,0.086,0.085,0.085,0.085,0.165,0.15,0.156,0.358,0.378,0.37,0.949,0.956,0.892,0.883,0.086,0.086,0.534,0.652,0.649,0.596,0.619,0.618,0.678,0.677,0.675,0.658,0.086,0.086,0.539,0.537,0.56,0.722,0.707,0.715,0.642,0.619,0.751,0.752,0.086,0.085,0.622,0.666,0.658,0.858,0.882,0.878,0.685,0.709,0.915,0.888,0.086,0.085,0.645,0.66,0.657,0.085,0.087,0.083,0.73,0.747,0.087,0.089,0.087,0.085,0.49,0.42,0.747,0.085,0.088,0.086,0.925,0.918,0.087,0.086,0.088,0.086,0.086,0.086,0.087,0.087,0.092,0.086,0.085,0.086,0.088,0.087,0.087
8:59:16,28.1,0.087,0.086,0.086,0.087,0.085,0.085,0.085,0.085,0.086,0.086,0.085,0.085,0.085,0.161,0.15,0.155,0.352,0.372,0.37,0.962,0.973,0.894,0.897,0.086,0.086,0.524,0.652,0.66,0.598,0.62,0.617,0.696,0.695,0.686,0.675,0.086,0.085,0.541,0.557,0.572,0.728,0.71,0.74,0.648,0.621,0.771,0.762,0.086,0.085,0.628,0.67,0.674,0.871,0.89,0.893,0.705,0.718,0.929,0.909,0.086,0.085,0.642,0.665,0.672,0.085,0.087,0.083,0.745,0.758,0.087,0.089,0.087,0.085,0.462,0.409,0.738,0.085,0.087,0.086,0.936,0.938,0.087,0.086,0.088,0.086,0.086,0.086,0.087,0.087,0.092,0.086,0.085,0.086,0.088,0.087,0.087
9:14:16,28.1,0.087,0.086,0.086,0.087,0.085,0.085,0.085,0.085,0.086,0.086,0.085,0.085,0.085,0.159,0.15,0.156,0.347,0.366,0.362,0.961,0.979,0.915,0.909,0.086,0.086,0.512,0.661,0.667,0.618,0.631,0.622,0.711,0.701,0.7,0.682,0.086,0.086,0.558,0.571,0.596,0.717,0.687,0.745,0.659,0.629,0.784,0.784,0.086,0.085,0.635,0.675,0.683,0.887,0.898,0.902,0.723,0.73,0.925,0.914,0.086,0.085,0.65,0.673,0.689,0.085,0.087,0.083,0.753,0.766,0.087,0.089,0.087,0.085,0.44,0.399,0.723,0.085,0.087,0.086,0.947,0.943,0.087,0.086,0.088,0.086,0.086,0.086,0.087,0.087,0.092,0.086,0.085,0.086,0.088,0.087,0.087
9:29:16,28.1,0.087,0.086,0.086,0.087,0.085,0.085,0.085,0.085,0.086,0.086,0.085,0.085,0.085,0.158,0.149,0.155,0.343,0.37,0.361,0.975,0.983,0.929,0.927,0.086,0.086,0.491,0.672,0.685,0.603,0.649,0.623,0.724,0.72,0.712,0.7,0.086,0.085,0.558,0.558,0.597,0.73,0.693,0.758,0.684,0.646,0.797,0.806,0.086,0.085,0.637,0.683,0.698,0.901,0.918,0.92,0.734,0.746,0.937,0.929,0.086,0.086,0.653,0.68,0.702,0.085,0.087,0.083,0.769,0.786,0.087,0.089,0.087,0.085,0.425,0.413,0.724,0.085,0.087,0.086,0.959,0.961,0.087,0.086,0.088,0.086,0.086,0.086,0.087,0.087,0.092,0.086,0.085,0.086,0.088,0.087,0.087
9:44:16,28.1,0.087,0.086,0.086,0.087,0.085,0.085,0.085,0.085,0.086,0.086,0.085,0.085,0.085,0.157,0.148,0.155,0.333,0.363,0.35,0.98,0.993,0.933,0.923,0.086,0.086,0.469,0.679,0.677,0.625,0.651,0.641,0.728,0.725,0.71,0.706,0.086,0.085,0.581,0.585,0.605,0.747,0.679,0.765,0.679,0.659,0.808,0.804,0.086,0.085,0.634,0.7,0.707,0.903,0.923,0.92,0.74,0.754,0.943,0.928,0.086,0.085,0.647,0.687,0.711,0.085,0.087,0.083,0.777,0.785,0.087,0.089,0.087,0.085,0.404,0.409,0.687,0.085,0.087,0.086,0.955,0.956,0.087,0.086,0.088,0.086,0.086,0.086,0.087,0.087,0.092,0.086,0.085,0.086,0.088,0.087,0.087
9:59:16,28.1,0.086,0.086,0.086,0.087,0.085,0.085,0.085,0.085,0.086,0.086,0.085,0.085,0.085,0.157,0.148,0.155,0.333,0.367,0.351,0.985,0.996,0.938,0.931,0.086,0.086,0.445,0.69,0.69,0.629,0.651,0.649,0.735,0.735,0.723,0.709,0.085,0.085,0.58,0.593,0.612,0.753,0.672,0.785,0.698,0.667,0.81,0.809,0.086,0.085,0.634,0.7,0.71,0.911,0.931,0.926,0.743,0.76,0.953,0.942,0.086,0.085,0.646,0.682,0.712,0.085,0.087,0.083,0.786,0.794,0.087,0.089,0.087,0.085,0.393,0.408,0.671,0.085,0.087,0.086,0.963,0.965,0.087,0.086,0.087,0.086,0.086,0.086,0.087,0.087,0.092,0.086,0.085,0.086,0.088,0.087,0.087
10:14:16,28.1,0.087,0.086,0.086,0.087,0.085,0.085,0.085,0.085,0.086,0.086,0.085,0.085,0.085,0.156,0.149,0.155,0.328,0.365,0.347,0.989,1.003,0.942,0.941,0.086,0.086,0.422,0.691,0.699,0.629,0.659,0.658,0.738,0.743,0.733,0.715,0.086,0.086,0.603,0.606,0.624,0.768,0.665,0.787,0.706,0.675,0.828,0.829,0.086,0.085,0.62,0.707,0.715,0.92,0.939,0.934,0.749,0.767,0.961,0.949,0.086,0.086,0.637,0.676,0.711,0.085,0.087,0.083,0.79,0.805,0.087,0.089,0.087,0.085,0.382,0.415,0.648,0.085,0.087,0.086,0.967,0.972,0.087,0.086,0.088,0.086,0.086,0.086,0.087,0.087,0.092,0.086,0.085,0.086,0.088,0.087,0.087
10:29:16,28.1,0.087,0.086,0.086,0.087,0.085,0.085,0.085,0.085,0.086,0.086,0.085,0.085,0.085,0.155,0.149,0.155,0.334,0.373,0.35,1.006,1.008,0.958,0.963,0.086,0.086,0.416,0.705,0.712,0.64,0.68,0.665,0.756,0.758,0.746,0.735,0.086,0.086,0.616,0.635,0.642,0.78,0.655,0.805,0.727,0.694,0.836,0.837,0.086,0.085,0.628,0.723,0.734,0.931,0.949,0.944,0.769,0.782,0.972,0.961,0.086,0.086,0.628,0.678,0.735,0.085,0.087,0.083,0.806,0.821,0.087,0.089,0.088,0.085,0.381,0.414,0.636,0.085,0.087,0.086,0.978,0.982,0.087,0.087,0.088,0.086,0.086,0.086,0.087,0.087,0.092,0.086,0.085,0.086,0.088,0.087,0.087
10:44:16,28.1,0.087,0.086,0.086,0.087,0.085,0.085,0.085,0.085,0.086,0.086,0.085,0.085,0.085,0.154,0.15,0.154,0.332,0.375,0.346,1.001,1.01,0.961,0.965,0.086,0.086,0.406,0.711,0.719,0.643,0.684,0.665,0.759,0.768,0.747,0.731,0.086,0.085,0.62,0.637,0.651,0.789,0.632,0.807,0.729,0.705,0.844,0.846,0.086,0.085,0.606,0.725,0.735,0.934,0.959,0.953,0.774,0.797,0.982,0.973,0.086,0.085,0.605,0.667,0.736,0.085,0.087,0.083,0.822,0.832,0.087,0.089,0.087,0.085,0.378,0.425,0.611,0.085,0.087,0.086,0.983,0.984,0.087,0.086,0.088,0.086,0.086,0.086,0.087,0.087,0.092,0.086,0.085,0.086,0.088,0.087,0.087
10:59:16,28.1,0.087,0.086,0.086,0.087,0.085,0.085,0.085,0.085,0.086,0.086,0.085,0.085,0.085,0.153,0.149,0.154,0.329,0.379,0.345,1.006,1.02,0.973,0.972,0.086,0.086,0.386,0.716,0.724,0.664,0.673,0.674,0.777,0.783,0.757,0.748,0.085,0.085,0.626,0.632,0.651,0.793,0.608,0.82,0.739,0.703,0.854,0.868,0.086,0.085,0.594,0.728,0.744,0.94,0.969,0.957,0.783,0.802,0.987,0.978,0.086,0.085,0.594,0.651,0.741,0.085,0.087,0.083,0.82,0.832,0.087,0.089,0.087,0.085,0.373,0.435,0.59,0.085,0.087,0.086,0.983,0.984,0.087,0.086,0.088,0.086,0.086,0.086,0.087,0.087,0.092,0.086,0.085,0.086,0.088,0.087,0.087
11:14:16,28.1,0.087,0.086,0.086,0.087,0.085,0.085,0.085,0.085,0.086,0.086,0.085,0.085,0.085,0.153,0.149,0.155,0.324,0.38,0.343,1.015,1.021,0.974,0.977,0.086,0.086,0.386,0.721,0.73,0.666,0.684,0.679,0.782,0.786,0.768,0.752,0.086,0.085,0.634,0.644,0.66,0.809,0.605,0.826,0.751,0.717,0.866,0.872,0.086,0.085,0.58,0.741,0.743,0.943,0.973,0.962,0.792,0.808,0.993,0.991,0.086,0.085,0.573,0.636,0.751,0.085,0.087,0.083,0.834,0.842,0.087,0.089,0.087,0.085,0.373,0.426,0.564,0.085,0.087,0.086,0.998,0.992,0.087,0.086,0.088,0.086,0.086,0.086,0.087,0.087,0.092,0.086,0.085,0.086,0.088,0.087,0.087
11:29:16,28.1,0.087,0.086,0.086,0.087,0.085,0.085,0.085,0.085,0.086,0.086,0.085,0.085,0.085,0.153,0.149,0.155,0.322,0.378,0.341,1.014,1.018,0.982,0.984,0.086,0.086,0.387,0.73,0.732,0.669,0.688,0.691,0.787,0.793,0.773,0.762,0.086,0.086,0.643,0.655,0.669,0.812,0.598,0.826,0.759,0.722,0.864,0.885,0.086,0.085,0.565,0.748,0.753,0.95,0.981,0.971,0.801,0.817,1.001,0.994,0.086,0.086,0.552,0.62,0.756,0.085,0.087,0.083,0.842,0.853,0.087,0.089,0.087,0.085,0.372,0.43,0.551,0.085,0.088,0.086,0.998,0.99,0.087,0.086,0.088,0.086,0.086,0.086,0.087,0.087,0.092,0.086,0.085,0.086,0.088,0.087,0.087
11:44:16,28.1,0.087,0.086,0.086,0.087,0.085,0.085,0.085,0.085,0.086,0.086,0.085,0.085,0.085,0.153,0.149,0.154,0.325,0.381,0.348,1.024,1.031,0.993,0.999,0.086,0.086,0.39,0.735,0.751,0.67,0.71,0.685,0.812,0.799,0.793,0.777,0.085,0.085,0.654,0.644,0.673,0.818,0.593,0.84,0.771,0.741,0.888,0.903,0.086,0.085,0.559,0.76,0.764,0.962,0.994,0.983,0.816,0.825,1.014,1.008,0.086,0.085,0.536,0.617,0.764,0.085,0.087,0.083,0.85,0.863,0.087,0.089,0.087,0.085,0.379,0.438,0.537,0.085,0.087,0.086,1.009,1.006,0.087,0.086,0.088,0.086,0.086,0.086,0.087,0.087,0.092,0.086,0.085,0.086,0.088,0.087,0.087
11:59:16,28.1,0.087,0.086,0.086,0.087,0.085,0.085,0.085,0.085,0.086,0.086,0.085,0.085,0.085,0.152,0.149,0.155,0.319,0.385,0.339,1.028,1.038,0.997,0.997,0.086,0.086,0.379,0.742,0.749,0.688,0.703,0.713,0.805,0.816,0.786,0.781,0.085,0.085,0.674,0.671,0.685,0.812,0.59,0.844,0.794,0.752,0.892,0.903,0.086,0.085,0.538,0.751,0.758,0.962,0.998,0.989,0.824,0.836,1.015,1.01,0.086,0.085,0.514,0.591,0.761,0.085,0.087,0.083,0.856,0.87,0.087,0.089,0.087,0.085,0.374,0.437,0.514,0.085,0.087,0.086,1.003,1.001,0.087,0.086,0.088,0.086,0.086,0.086,0.087,0.087,0.092,0.086,0.085,0.086,0.088,0.087,0.087
12:14:16,28.1,0.087,0.086,0.086,0.087,0.085,0.085,0.085,0.085,0.086,0.086,0.085,0.085,0.085,0.152,0.15,0.155,0.322,0.383,0.341,1.032,1.04,0.995,1,0.086,0.086,0.382,0.75,0.749,0.682,0.72,0.721,0.817,0.816,0.801,0.788,0.086,0.085,0.669,0.679,0.699,0.825,0.578,0.853,0.794,0.759,0.901,0.91,0.086,0.085,0.524,0.764,0.768,0.971,1.002,0.999,0.826,0.844,1.021,1.015,0.086,0.085,0.487,0.577,0.776,0.085,0.087,0.083,0.866,0.878,0.087,0.089,0.087,0.085,0.373,0.434,0.503,0.085,0.087,0.086,1.007,1.009,0.087,0.086,0.088,0.086,0.086,0.086,0.087,0.087,0.092,0.086,0.085,0.086,0.088,0.087,0.087
12:29:16,28.1,0.087,0.086,0.086,0.087,0.085,0.085,0.085,0.085,0.086,0.086,0.085,0.085,0.085,0.153,0.15,0.156,0.317,0.381,0.337,1.033,1.038,1.002,1.007,0.086,0.086,0.385,0.75,0.763,0.695,0.72,0.732,0.817,0.82,0.806,0.789,0.086,0.086,0.678,0.693,0.706,0.823,0.568,0.852,0.811,0.764,0.897,0.918,0.086,0.085,0.517,0.765,0.78,0.975,1.006,1.004,0.83,0.848,1.026,1.021,0.086,0.086,0.465,0.563,0.777,0.085,0.087,0.083,0.867,0.879,0.087,0.089,0.087,0.085,0.37,0.439,0.491,0.085,0.088,0.086,1.006,1.007,0.087,0.086,0.088,0.086,0.086,0.086,0.087,0.087,0.092,0.086,0.085,0.086,0.088,0.087,0.087
12:44:16,28.1,0.087,0.086,0.086,0.087,0.085,0.085,0.085,0.085,0.086,0.086,0.085,0.085,0.085,0.153,0.15,0.156,0.323,0.383,0.342,1.051,1.054,1.014,1.011,0.086,0.086,0.395,0.762,0.762,0.705,0.721,0.734,0.836,0.834,0.824,0.798,0.086,0.085,0.69,0.708,0.715,0.83,0.573,0.863,0.806,0.771,0.911,0.919,0.086,0.085,0.494,0.776,0.783,0.978,1.013,1.012,0.843,0.862,1.031,1.023,0.086,0.085,0.452,0.551,0.79,0.085,0.087,0.083,0.883,0.886,0.087,0.089,0.087,0.085,0.366,0.435,0.481,0.085,0.087,0.086,1.016,1.021,0.087,0.086,0.088,0.086,0.086,0.086,0.087,0.087,0.092,0.086,0.085,0.086,0.088,0.087,0.087
12:59:16,28.1,0.087,0.086,0.086,0.087,0.085,0.085,0.085,0.085,0.086,0.086,0.085,0.085,0.085,0.153,0.151,0.157,0.319,0.387,0.341,1.048,1.058,1.021,1.022,0.086,0.086,0.383,0.767,0.771,0.702,0.731,0.74,0.848,0.847,0.84,0.81,0.085,0.085,0.718,0.698,0.719,0.842,0.577,0.866,0.817,0.791,0.911,0.924,0.086,0.085,0.497,0.79,0.793,0.989,1.023,1.023,0.85,0.867,1.042,1.03,0.086,0.085,0.451,0.532,0.79,0.085,0.087,0.083,0.895,0.898,0.087,0.089,0.087,0.085,0.37,0.44,0.481,0.085,0.087,0.086,1.019,1.031,0.087,0.086,0.088,0.086,0.086,0.086,0.087,0.087,0.092,0.086,0.085,0.086,0.088,0.087,0.087
13:14:16,28.1,0.087,0.086,0.086,0.087,0.085,0.085,0.085,0.085,0.086,0.086,0.085,0.085,0.085,0.154,0.153,0.158,0.314,0.38,0.337,1.044,1.057,1.025,1.028,0.086,0.086,0.39,0.772,0.781,0.718,0.744,0.749,0.855,0.852,0.843,0.811,0.086,0.085,0.715,0.723,0.75,0.844,0.576,0.874,0.838,0.787,0.928,0.932,0.086,0.085,0.496,0.796,0.798,0.992,1.026,1.028,0.854,0.872,1.047,1.042,0.086,0.086,0.444,0.528,0.8,0.085,0.087,0.083,0.895,0.9,0.087,0.089,0.087,0.085,0.365,0.437,0.489,0.085,0.087,0.086,1.024,1.032,0.087,0.086,0.088,0.086,0.086,0.086,0.087,0.087,0.092,0.086,0.085,0.086,0.088,0.087,0.087
13:29:16,28.1,0.087,0.086,0.086,0.087,0.085,0.085,0.085,0.085,0.086,0.086,0.085,0.085,0.085,0.154,0.155,0.159,0.32,0.386,0.341,1.059,1.069,1.027,1.033,0.086,0.086,0.404,0.772,0.787,0.722,0.746,0.763,0.855,0.859,0.847,0.833,0.086,0.086,0.728,0.716,0.73,0.853,0.583,0.876,0.84,0.806,0.934,0.931,0.086,0.085,0.493,0.795,0.806,0.999,1.032,1.031,0.862,0.881,1.052,1.047,0.086,0.086,0.445,0.519,0.81,0.085,0.087,0.083,0.9,0.906,0.087,0.089,0.087,0.085,0.37,0.438,0.488,0.085,0.088,0.086,1.029,1.035,0.087,0.086,0.088,0.086,0.086,0.086,0.087,0.087,0.092,0.086,0.085,0.086,0.088,0.087,0.087
13:44:16,28.1,0.087,0.086,0.086,0.087,0.085,0.085,0.085,0.085,0.086,0.086,0.085,0.085,0.085,0.157,0.156,0.16,0.322,0.384,0.339,1.063,1.071,1.035,1.043,0.086,0.086,0.416,0.776,0.786,0.713,0.749,0.756,0.851,0.861,0.839,0.819,0.086,0.086,0.73,0.708,0.721,0.855,0.577,0.879,0.836,0.808,0.939,0.929,0.086,0.085,0.499,0.798,0.817,1.006,1.038,1.036,0.869,0.884,1.057,1.053,0.086,0.086,0.448,0.515,0.814,0.085,0.087,0.083,0.905,0.915,0.087,0.089,0.087,0.085,0.372,0.435,0.5,0.085,0.087,0.086,1.037,1.042,0.087,0.086,0.088,0.086,0.086,0.086,0.087,0.087,0.092,0.086,0.085,0.086,0.088,0.087,0.087
13:59:16,28.1,0.087,0.086,0.086,0.087,0.085,0.085,0.085,0.085,0.086,0.086,0.085,0.085,0.085,0.158,0.157,0.161,0.317,0.387,0.339,1.07,1.079,1.039,1.042,0.086,0.086,0.414,0.773,0.803,0.735,0.759,0.789,0.872,0.864,0.86,0.843,0.086,0.085,0.75,0.735,0.75,0.859,0.586,0.887,0.856,0.826,0.945,0.933,0.086,0.085,0.505,0.812,0.823,1.012,1.043,1.04,0.877,0.893,1.065,1.06,0.086,0.086,0.452,0.514,0.819,0.085,0.087,0.083,0.91,0.912,0.087,0.089,0.087,0.085,0.364,0.436,0.5,0.085,0.088,0.086,1.042,1.048,0.087,0.086,0.088,0.086,0.086,0.086,0.087,0.087,0.092,0.086,0.085,0.086,0.088,0.087,0.087
14:14:16,28.1,0.087,0.086,0.086,0.087,0.085,0.085,0.085,0.085,0.086,0.086,0.085,0.085,0.085,0.159,0.159,0.163,0.317,0.382,0.335,1.069,1.073,1.043,1.051,0.086,0.086,0.407,0.779,0.802,0.746,0.765,0.778,0.873,0.874,0.874,0.835,0.086,0.086,0.745,0.755,0.759,0.863,0.587,0.894,0.859,0.827,0.947,0.929,0.086,0.085,0.499,0.813,0.827,1.018,1.046,1.045,0.89,0.896,1.069,1.06,0.086,0.086,0.465,0.511,0.819,0.085,0.087,0.083,0.92,0.915,0.087,0.089,0.087,0.085,0.363,0.439,0.502,0.085,0.087,0.086,1.039,1.043,0.087,0.086,0.088,0.086,0.086,0.086,0.087,0.087,0.092,0.086,0.085,0.086,0.088,0.087,0.087
14:29:16,28.1,0.087,0.086,0.086,0.087,0.085,0.085,0.085,0.085,0.086,0.086,0.085,0.085,0.085,0.161,0.162,0.165,0.317,0.386,0.334,1.074,1.081,1.05,1.053,0.086,0.086,0.424,0.783,0.803,0.747,0.775,0.79,0.872,0.875,0.865,0.851,0.086,0.086,0.754,0.74,0.764,0.872,0.589,0.893,0.863,0.832,0.951,0.941,0.086,0.085,0.506,0.815,0.834,1.021,1.055,1.052,0.891,0.902,1.073,1.064,0.086,0.086,0.47,0.518,0.828,0.085,0.087,0.083,0.92,0.928,0.087,0.089,0.087,0.085,0.368,0.435,0.507,0.085,0.087,0.086,1.046,1.055,0.087,0.086,0.088,0.086,0.086,0.086,0.087,0.087,0.092,0.086,0.085,0.086,0.088,0.087,0.087
14:44:16,28.1,0.087,0.086,0.086,0.087,0.085,0.085,0.085,0.085,0.086,0.086,0.085,0.085,0.085,0.163,0.164,0.167,0.32,0.383,0.332,1.081,1.085,1.052,1.058,0.086,0.086,0.427,0.779,0.811,0.751,0.775,0.795,0.88,0.886,0.884,0.872,0.085,0.085,0.767,0.743,0.771,0.872,0.592,0.899,0.866,0.847,0.957,0.939,0.086,0.085,0.515,0.824,0.839,1.027,1.059,1.059,0.898,0.905,1.088,1.073,0.086,0.085,0.474,0.518,0.833,0.085,0.087,0.083,0.929,0.928,0.087,0.089,0.087,0.085,0.364,0.429,0.515,0.085,0.087,0.086,1.054,1.058,0.087,0.086,0.088,0.086,0.086,0.086,0.087,0.087,0.092,0.086,0.085,0.086,0.088,0.087,0.087
14:59:16,28.1,0.087,0.086,0.086,0.087,0.085,0.085,0.085,0.085,0.086,0.086,0.085,0.085,0.085,0.165,0.167,0.169,0.317,0.387,0.33,1.081,1.089,1.051,1.058,0.086,0.086,0.424,0.765,0.807,0.774,0.788,0.802,0.885,0.881,0.894,0.865,0.086,0.085,0.771,0.768,0.776,0.876,0.593,0.899,0.875,0.849,0.965,0.929,0.086,0.085,0.508,0.826,0.844,1.03,1.061,1.06,0.898,0.908,1.078,1.068,0.086,0.085,0.474,0.519,0.833,0.085,0.087,0.083,0.931,0.924,0.087,0.089,0.087,0.085,0.372,0.443,0.514,0.085,0.087,0.086,1.053,1.058,0.087,0.086,0.088,0.086,0.086,0.086,0.087,0.087,0.092,0.086,0.085,0.086,0.088,0.087,0.087
15:14:16,28.1,0.087,0.086,0.086,0.087,0.085,0.085,0.085,0.085,0.086,0.086,0.085,0.085,0.085,0.168,0.171,0.173,0.324,0.39,0.332,1.086,1.088,1.065,1.071,0.086,0.086,0.442,0.763,0.814,0.776,0.804,0.816,0.892,0.893,0.899,0.882,0.086,0.086,0.783,0.757,0.791,0.88,0.596,0.906,0.874,0.856,0.968,0.951,0.086,0.085,0.524,0.834,0.852,1.036,1.065,1.067,0.911,0.918,1.084,1.078,0.086,0.085,0.477,0.521,0.838,0.085,0.087,0.083,0.938,0.936,0.088,0.089,0.087,0.085,0.377,0.436,0.518,0.085,0.088,0.086,1.057,1.065,0.087,0.086,0.088,0.086,0.086,0.086,0.087,0.087,0.092,0.086,0.085,0.086,0.088,0.087,0.087
15:29:16,28.1,0.087,0.086,0.086,0.087,0.085,0.085,0.085,0.085,0.086,0.086,0.085,0.085,0.085,0.17,0.175,0.177,0.318,0.39,0.333,1.09,1.097,1.06,1.065,0.086,0.086,0.427,0.755,0.824,0.781,0.805,0.823,0.895,0.899,0.901,0.883,0.086,0.085,0.791,0.777,0.796,0.882,0.591,0.908,0.892,0.86,0.972,0.949,0.086,0.085,0.513,0.839,0.854,1.041,1.072,1.069,0.91,0.921,1.091,1.083,0.086,0.086,0.486,0.53,0.844,0.085,0.087,0.083,0.936,0.938,0.087,0.089,0.087,0.085,0.375,0.431,0.52,0.085,0.087,0.086,1.064,1.071,0.087,0.086,0.088,0.086,0.086,0.086,0.087,0.087,0.092,0.086,0.085,0.086,0.088,0.087,0.087
15:44:16,28.1,0.087,0.086,0.086,0.087,0.085,0.085,0.085,0.085,0.086,0.086,0.085,0.085,0.085,0.173,0.179,0.18,0.321,0.389,0.33,1.089,1.097,1.07,1.077,0.086,0.086,0.431,0.745,0.819,0.793,0.812,0.838,0.899,0.911,0.917,0.908,0.086,0.086,0.802,0.774,0.8,0.885,0.603,0.918,0.9,0.867,0.977,0.959,0.086,0.085,0.519,0.846,0.859,1.047,1.073,1.076,0.915,0.928,1.093,1.083,0.086,0.086,0.486,0.531,0.849,0.085,0.087,0.083,0.942,0.946,0.087,0.089,0.087,0.085,0.377,0.436,0.52,0.085,0.088,0.086,1.059,1.068,0.087,0.086,0.088,0.086,0.086,0.086,0.087,0.087,0.092,0.086,0.085,0.086,0.088,0.087,0.087
15:59:16,28.1,0.087,0.086,0.086,0.087,0.085,0.085,0.085,0.085,0.086,0.086,0.085,0.085,0.085,0.176,0.185,0.186,0.323,0.393,0.333,1.108,1.104,1.079,1.087,0.086,0.086,0.464,0.739,0.835,0.812,0.823,0.841,0.904,0.907,0.923,0.923,0.086,0.086,0.812,0.78,0.811,0.898,0.603,0.927,0.907,0.87,0.982,0.963,0.086,0.085,0.541,0.856,0.865,1.056,1.085,1.085,0.92,0.934,1.092,1.083,0.086,0.085,0.494,0.528,0.86,0.085,0.087,0.083,0.952,0.955,0.087,0.089,0.087,0.085,0.39,0.438,0.52,0.085,0.087,0.086,1.07,1.08,0.087,0.086,0.088,0.086,0.086,0.086,0.087,0.087,0.092,0.086,0.085,0.086,0.088,0.087,0.087
16:14:16,28.1,0.087,0.086,0.086,0.087,0.085,0.085,0.085,0.085,0.086,0.086,0.085,0.085,0.085,0.179,0.189,0.191,0.326,0.395,0.33,1.113,1.113,1.081,1.094,0.086,0.086,0.453,0.731,0.837,0.823,0.829,0.847,0.911,0.917,0.935,0.923,0.086,0.085,0.816,0.787,0.81,0.907,0.591,0.931,0.916,0.88,0.981,0.968,0.085,0.085,0.528,0.855,0.868,1.066,1.092,1.088,0.926,0.934,1.107,1.086,0.086,0.085,0.502,0.537,0.861,0.085,0.087,0.083,0.954,0.958,0.087,0.089,0.087,0.085,0.395,0.439,0.523,0.085,0.087,0.086,1.077,1.086,0.087,0.086,0.088,0.086,0.086,0.086,0.087,0.087,0.092,0.086,0.085,0.086,0.088,0.087,0.087
16:29:16,28.1,0.087,0.086,0.086,0.087,0.085,0.085,0.085,0.085,0.086,0.086,0.085,0.085,0.085,0.185,0.195,0.196,0.322,0.39,0.325,1.107,1.11,1.079,1.095,0.086,0.086,0.456,0.714,0.836,0.825,0.833,0.857,0.912,0.921,0.933,0.922,0.085,0.085,0.814,0.788,0.821,0.899,0.581,0.929,0.913,0.89,0.987,0.97,0.086,0.085,0.531,0.854,0.869,1.063,1.091,1.089,0.933,0.931,1.109,1.094,0.086,0.085,0.502,0.539,0.861,0.085,0.087,0.083,0.956,0.96,0.087,0.089,0.087,0.085,0.391,0.429,0.521,0.085,0.087,0.086,1.077,1.088,0.087,0.086,0.088,0.086,0.086,0.086,0.087,0.087,0.092,0.086,0.085,0.086,0.088,0.087,0.087
16:44:16,28.1,0.087,0.086,0.086,0.087,0.085,0.085,0.085,0.085,0.086,0.086,0.085,0.085,0.085,0.188,0.198,0.201,0.317,0.39,0.322,1.111,1.115,1.086,1.094,0.086,0.086,0.432,0.699,0.834,0.828,0.843,0.859,0.914,0.924,0.927,0.917,0.086,0.085,0.827,0.804,0.821,0.902,0.576,0.935,0.926,0.89,0.989,0.971,0.086,0.085,0.518,0.856,0.865,1.067,1.088,1.088,0.933,0.937,1.107,1.093,0.086,0.086,0.495,0.543,0.858,0.085,0.087,0.083,0.958,0.963,0.087,0.089,0.087,0.085,0.388,0.429,0.526,0.085,0.087,0.086,1.077,1.084,0.087,0.086,0.088,0.086,0.086,0.086,0.087,0.087,0.092,0.086,0.085,0.086,0.088,0.087,0.087
16:59:16,28.1,0.087,0.086,0.086,0.087,0.085,0.085,0.085,0.085,0.086,0.086,0.085,0.085,0.085,0.196,0.208,0.208,0.316,0.386,0.318,1.106,1.11,1.08,1.097,0.086,0.086,0.444,0.681,0.837,0.832,0.858,0.862,0.924,0.928,0.938,0.932,0.085,0.085,0.836,0.783,0.831,0.91,0.573,0.939,0.925,0.901,0.995,0.975,0.086,0.085,0.519,0.864,0.873,1.069,1.094,1.095,0.942,0.941,1.111,1.098,0.086,0.085,0.501,0.54,0.864,0.085,0.087,0.083,0.963,0.964,0.087,0.089,0.087,0.085,0.395,0.432,0.528,0.085,0.087,0.086,1.082,1.09,0.087,0.086,0.088,0.086,0.086,0.086,0.087,0.087,0.092,0.086,0.085,0.086,0.088,0.087,0.087
17:14:16,28.1,0.087,0.086,0.086,0.087,0.085,0.085,0.085,0.085,0.086,0.086,0.085,0.085,0.085,0.208,0.216,0.214,0.316,0.387,0.318,1.107,1.115,1.093,1.105,0.086,0.086,0.436,0.661,0.84,0.843,0.865,0.881,0.926,0.92,0.94,0.959,0.085,0.085,0.837,0.809,0.837,0.911,0.565,0.944,0.931,0.902,0.994,0.976,0.086,0.085,0.525,0.87,0.876,1.072,1.092,1.094,0.949,0.946,1.11,1.1,0.086,0.086,0.515,0.545,0.867,0.085,0.087,0.083,0.964,0.961,0.087,0.089,0.087,0.085,0.388,0.424,0.527,0.085,0.087,0.086,1.087,1.096,0.087,0.086,0.088,0.086,0.086,0.086,0.087,0.087,0.092,0.086,0.085,0.086,0.088,0.087,0.087
17:29:16,28.1,0.087,0.086,0.086,0.087,0.085,0.085,0.085,0.085,0.086,0.086,0.085,0.085,0.085,0.218,0.225,0.22,0.315,0.382,0.312,1.117,1.118,1.099,1.11,0.086,0.086,0.429,0.644,0.85,0.855,0.879,0.883,0.928,0.929,0.955,0.94,0.086,0.085,0.846,0.818,0.84,0.917,0.555,0.943,0.942,0.913,0.996,0.981,0.086,0.085,0.507,0.868,0.867,1.078,1.099,1.094,0.943,0.949,1.111,1.099,0.086,0.086,0.515,0.555,0.867,0.085,0.087,0.083,0.968,0.968,0.087,0.089,0.087,0.085,0.397,0.431,0.523,0.085,0.087,0.086,1.092,1.101,0.087,0.086,0.088,0.086,0.086,0.086,0.087,0.087,0.092,0.086,0.085,0.086,0.088,0.087,0.087
17:44:16,28.1,0.087,0.086,0.086,0.087,0.085,0.085,0.085,0.085,0.086,0.086,0.085,0.085,0.085,0.226,0.234,0.23,0.312,0.378,0.31,1.119,1.127,1.098,1.105,0.086,0.086,0.421,0.622,0.853,0.86,0.872,0.882,0.93,0.933,0.957,0.957,0.085,0.085,0.849,0.82,0.843,0.92,0.546,0.952,0.943,0.91,0.997,0.977,0.086,0.085,0.495,0.871,0.868,1.08,1.102,1.101,0.957,0.952,1.115,1.104,0.086,0.086,0.509,0.545,0.869,0.085,0.087,0.083,0.969,0.971,0.087,0.089,0.087,0.085,0.393,0.425,0.529,0.085,0.087,0.086,1.093,1.099,0.087,0.086,0.088,0.086,0.086,0.086,0.087,0.087,0.092,0.086,0.085,0.086,0.088,0.087,0.087
17:59:16,28.1,0.087,0.086,0.086,0.087,0.085,0.085,0.085,0.085,0.086,0.086,0.085,0.085,0.085,0.246,0.254,0.242,0.311,0.378,0.307,1.122,1.132,1.103,1.115,0.086,0.086,0.422,0.62,0.854,0.866,0.889,0.9,0.934,0.932,0.982,0.981,0.086,0.086,0.849,0.824,0.854,0.926,0.54,0.956,0.944,0.928,1.009,0.987,0.086,0.085,0.49,0.881,0.873,1.082,1.102,1.098,0.957,0.95,1.121,1.108,0.086,0.086,0.51,0.555,0.879,0.085,0.087,0.083,0.968,0.974,0.087,0.089,0.087,0.085,0.398,0.427,0.524,0.085,0.087,0.086,1.094,1.102,0.087,0.086,0.088,0.086,0.086,0.086,0.087,0.087,0.092,0.086,0.085,0.086,0.088,0.087,0.087
18:14:16,28.1,0.087,0.086,0.086,0.087,0.085,0.085,0.085,0.085,0.086,0.086,0.085,0.085,0.085,0.247,0.269,0.251,0.306,0.373,0.303,1.12,1.129,1.1,1.113,0.086,0.086,0.413,0.595,0.852,0.873,0.895,0.912,0.931,0.933,0.992,0.954,0.085,0.085,0.856,0.84,0.858,0.927,0.532,0.952,0.941,0.93,1.008,0.992,0.086,0.085,0.477,0.879,0.869,1.079,1.103,1.101,0.964,0.953,1.115,1.102,0.086,0.085,0.512,0.552,0.878,0.085,0.087,0.083,0.975,0.976,0.087,0.089,0.087,0.085,0.393,0.422,0.526,0.085,0.087,0.086,1.095,1.104,0.087,0.086,0.088,0.086,0.086,0.086,0.087,0.087,0.092,0.086,0.085,0.086,0.088,0.087,0.087
18:29:16,28.1,0.087,0.086,0.086,0.087,0.085,0.085,0.085,0.085,0.086,0.086,0.085,0.085,0.085,0.271,0.29,0.265,0.305,0.37,0.309,1.124,1.133,1.107,1.113,0.086,0.086,0.412,0.591,0.857,0.868,0.9,0.91,0.936,0.935,0.982,0.991,0.086,0.086,0.861,0.839,0.859,0.93,0.527,0.958,0.948,0.93,1.009,0.993,0.086,0.085,0.469,0.883,0.875,1.081,1.103,1.106,0.965,0.955,1.125,1.112,0.086,0.086,0.511,0.548,0.881,0.085,0.087,0.083,0.979,0.983,0.087,0.089,0.087,0.085,0.391,0.419,0.528,0.085,0.088,0.086,1.099,1.107,0.087,0.086,0.088,0.086,0.086,0.086,0.087,0.087,0.092,0.086,0.085,0.086,0.088,0.087,0.087
18:44:16,28.1,0.087,0.086,0.086,0.087,0.085,0.085,0.085,0.085,0.086,0.086,0.085,0.085,0.085,0.281,0.294,0.268,0.301,0.363,0.32,1.127,1.135,1.109,1.12,0.086,0.086,0.418,0.586,0.858,0.884,0.912,0.918,0.936,0.943,1.002,1.004,0.086,0.086,0.872,0.837,0.865,0.934,0.526,0.96,0.946,0.937,1.019,1.001,0.086,0.085,0.469,0.886,0.872,1.091,1.111,1.11,0.973,0.952,1.123,1.114,0.086,0.086,0.51,0.546,0.886,0.085,0.087,0.083,0.981,0.987,0.087,0.089,0.087,0.085,0.394,0.42,0.532,0.085,0.087,0.086,1.104,1.115,0.087,0.086,0.088,0.086,0.086,0.086,0.087,0.087,0.092,0.086,0.085,0.086,0.088,0.087,0.087
18:59:16,28.1,0.086,0.086,0.086,0.087,0.085,0.085,0.085,0.085,0.086,0.086,0.085,0.085,0.085,0.296,0.326,0.285,0.301,0.361,0.318,1.137,1.14,1.122,1.133,0.086,0.086,0.421,0.582,0.868,0.893,0.918,0.93,0.942,0.946,1.012,1.011,0.085,0.085,0.884,0.849,0.87,0.939,0.526,0.964,0.968,0.939,1.022,1.009,0.086,0.085,0.467,0.889,0.873,1.092,1.108,1.11,0.978,0.959,1.127,1.121,0.086,0.085,0.52,0.551,0.885,0.085,0.087,0.083,0.983,0.99,0.087,0.089,0.087,0.085,0.399,0.423,0.527,0.085,0.087,0.086,1.106,1.116,0.087,0.086,0.088,0.086,0.086,0.086,0.087,0.087,0.092,0.086,0.085,0.086,0.088,0.087,0.087
19:14:16,28.1,0.087,0.086,0.086,0.087,0.085,0.085,0.085,0.085,0.086,0.086,0.085,0.085,0.085,0.327,0.329,0.302,0.299,0.358,0.314,1.136,1.142,1.12,1.129,0.086,0.086,0.42,0.581,0.868,0.895,0.92,0.928,0.94,0.941,1.005,1.009,0.086,0.086,0.879,0.846,0.869,0.936,0.525,0.968,0.965,0.934,1.019,1.007,0.086,0.085,0.466,0.892,0.863,1.091,1.108,1.113,0.976,0.956,1.13,1.117,0.086,0.085,0.515,0.543,0.89,0.085,0.087,0.083,0.986,0.991,0.087,0.089,0.087,0.085,0.391,0.413,0.527,0.085,0.088,0.086,1.107,1.119,0.087,0.086,0.088,0.086,0.086,0.086,0.087,0.087,0.092,0.086,0.085,0.086,0.088,0.087,0.087
19:29:16,28.1,0.087,0.086,0.086,0.087,0.085,0.085,0.085,0.085,0.086,0.086,0.085,0.085,0.085,0.333,0.356,0.317,0.296,0.353,0.312,1.134,1.142,1.12,1.131,0.086,0.086,0.422,0.585,0.863,0.905,0.919,0.942,0.943,0.948,1.012,1.019,0.086,0.085,0.877,0.851,0.87,0.937,0.527,0.968,0.969,0.939,1.016,1.006,0.086,0.085,0.468,0.897,0.864,1.091,1.114,1.113,0.981,0.963,1.127,1.123,0.086,0.086,0.511,0.542,0.892,0.085,0.087,0.083,0.992,0.994,0.087,0.089,0.087,0.085,0.39,0.413,0.529,0.085,0.088,0.086,1.112,1.122,0.087,0.086,0.088,0.086,0.086,0.086,0.087,0.087,0.092,0.086,0.085,0.086,0.088,0.087,0.087
19:44:16,28.1,0.087,0.086,0.086,0.087,0.085,0.085,0.085,0.085,0.086,0.086,0.085,0.085,0.085,0.349,0.397,0.349,0.292,0.351,0.308,1.14,1.145,1.127,1.138,0.086,0.086,0.42,0.588,0.879,0.913,0.93,0.948,0.952,0.95,1.021,1.017,0.086,0.086,0.895,0.864,0.889,0.946,0.529,0.974,0.978,0.96,1.029,1.008,0.086,0.085,0.469,0.9,0.867,1.096,1.114,1.115,0.984,0.962,1.139,1.127,0.086,0.085,0.515,0.54,0.902,0.085,0.087,0.083,0.992,1.001,0.087,0.089,0.087,0.085,0.393,0.413,0.523,0.085,0.088,0.086,1.114,1.128,0.087,0.086,0.088,0.086,0.086,0.086,0.087,0.087,0.092,0.086,0.085,0.086,0.088,0.087,0.087
19:59:16,28.1,0.087,0.086,0.086,0.087,0.085,0.085,0.085,0.085,0.086,0.086,0.085,0.085,0.085,0.385,0.405,0.361,0.291,0.348,0.306,1.14,1.145,1.132,1.143,0.086,0.086,0.413,0.586,0.875,0.923,0.933,0.956,0.953,0.95,1.028,1.034,0.086,0.085,0.901,0.862,0.891,0.947,0.53,0.978,0.97,0.955,1.033,1.014,0.086,0.085,0.468,0.907,0.855,1.101,1.116,1.118,0.993,0.969,1.139,1.125,0.086,0.085,0.512,0.541,0.9,0.085,0.087,0.083,0.999,1.006,0.087,0.089,0.087,0.085,0.391,0.413,0.528,0.085,0.087,0.086,1.118,1.13,0.087,0.086,0.088,0.086,0.086,0.086,0.087,0.087,0.092,0.086,0.085,0.086,0.088,0.087,0.087
20:14:16,28.1,0.087,0.086,0.086,0.087,0.085,0.085,0.085,0.085,0.086,0.086,0.085,0.085,0.085,0.4,0.433,0.39,0.289,0.345,0.303,1.142,1.146,1.128,1.135,0.086,0.086,0.404,0.586,0.876,0.924,0.927,0.956,0.952,0.957,1.033,1.034,0.086,0.086,0.902,0.862,0.896,0.95,0.53,0.984,0.975,0.953,1.026,1.018,0.086,0.085,0.464,0.909,0.853,1.101,1.119,1.122,0.991,0.969,1.13,1.119,0.086,0.086,0.503,0.53,0.896,0.085,0.087,0.083,0.996,1.002,0.087,0.089,0.087,0.085,0.385,0.406,0.527,0.085,0.087,0.086,1.115,1.121,0.087,0.086,0.088,0.086,0.086,0.086,0.087,0.087,0.092,0.086,0.085,0.086,0.088,0.087,0.087
20:29:16,28.1,0.087,0.086,0.086,0.087,0.085,0.085,0.085,0.085,0.086,0.086,0.085,0.085,0.085,0.438,0.461,0.417,0.287,0.342,0.301,1.155,1.158,1.139,1.149,0.086,0.086,0.391,0.586,0.892,0.928,0.942,0.969,0.959,0.959,1.04,1.045,0.086,0.086,0.909,0.88,0.916,0.954,0.531,0.986,0.977,0.964,1.034,1.024,0.086,0.085,0.457,0.912,0.844,1.105,1.119,1.123,0.992,0.967,1.139,1.136,0.086,0.085,0.504,0.521,0.904,0.085,0.087,0.083,1.005,1.006,0.087,0.089,0.088,0.085,0.385,0.406,0.524,0.085,0.087,0.086,1.129,1.14,0.087,0.086,0.088,0.086,0.086,0.086,0.087,0.087,0.092,0.086,0.085,0.086,0.088,0.087,0.087
20:44:16,28.1,0.087,0.086,0.086,0.087,0.085,0.085,0.085,0.085,0.086,0.086,0.085,0.085,0.085,0.464,0.479,0.431,0.288,0.341,0.3,1.15,1.154,1.134,1.147,0.086,0.086,0.378,0.601,0.883,0.929,0.942,0.979,0.955,0.96,1.046,1.045,0.086,0.085,0.906,0.87,0.901,0.955,0.532,0.986,0.987,0.952,1.031,1.027,0.086,0.085,0.449,0.909,0.842,1.105,1.121,1.129,1.002,0.972,1.14,1.133,0.086,0.086,0.501,0.516,0.904,0.085,0.087,0.083,1.007,1.008,0.087,0.089,0.088,0.085,0.382,0.402,0.529,0.085,0.088,0.086,1.13,1.139,0.087,0.086,0.088,0.086,0.086,0.086,0.087,0.087,0.092,0.086,0.085,0.086,0.088,0.087,0.087
20:59:16,28.1,0.087,0.086,0.086,0.087,0.085,0.085,0.085,0.085,0.086,0.086,0.085,0.085,0.085,0.482,0.494,0.458,0.285,0.339,0.299,1.15,1.164,1.142,1.153,0.086,0.086,0.371,0.6,0.88,0.942,0.949,0.985,0.965,0.966,1.049,1.051,0.086,0.085,0.918,0.88,0.903,0.955,0.532,0.992,1,0.969,1.039,1.034,0.086,0.085,0.442,0.917,0.833,1.111,1.122,1.127,1.001,0.975,1.146,1.139,0.086,0.085,0.501,0.508,0.903,0.085,0.087,0.083,1.009,1.011,0.087,0.089,0.088,0.085,0.383,0.402,0.528,0.085,0.087,0.086,1.125,1.14,0.087,0.086,0.088,0.086,0.086,0.086,0.087,0.087,0.092,0.086,0.085,0.086,0.088,0.087,0.087
21:14:16,28.1,0.087,0.086,0.086,0.087,0.085,0.085,0.085,0.085,0.086,0.086,0.085,0.085,0.085,0.505,0.512,0.487,0.285,0.338,0.298,1.153,1.159,1.14,1.158,0.086,0.086,0.367,0.603,0.883,0.948,0.96,0.993,0.968,0.968,1.06,1.065,0.086,0.085,0.923,0.882,0.907,0.967,0.534,0.999,1.003,0.977,1.048,1.041,0.086,0.085,0.436,0.924,0.833,1.111,1.124,1.131,1.005,0.985,1.15,1.14,0.086,0.086,0.5,0.503,0.913,0.085,0.087,0.083,1.013,1.02,0.087,0.089,0.088,0.085,0.386,0.404,0.534,0.085,0.088,0.086,1.132,1.146,0.087,0.086,0.088,0.086,0.086,0.086,0.087,0.087,0.092,0.086,0.085,0.086,0.088,0.087,0.087
21:29:16,28.1,0.087,0.086,0.086,0.087,0.085,0.085,0.085,0.085,0.086,0.086,0.085,0.085,0.085,0.52,0.529,0.496,0.287,0.336,0.297,1.171,1.163,1.149,1.164,0.086,0.086,0.356,0.614,0.894,0.954,0.95,0.995,0.978,0.972,1.05,1.058,0.086,0.086,0.914,0.895,0.935,0.97,0.534,0.999,1.004,0.976,1.046,1.036,0.086,0.085,0.424,0.918,0.821,1.115,1.131,1.138,1.014,0.984,1.152,1.139,0.086,0.086,0.496,0.498,0.906,0.085,0.087,0.083,1.015,1.009,0.087,0.089,0.088,0.085,0.381,0.398,0.517,0.085,0.088,0.086,1.136,1.151,0.087,0.086,0.088,0.086,0.086,0.086,0.087,0.087,0.092,0.086,0.085,0.086,0.088,0.087,0.087
21:44:16,28.1,0.087,0.086,0.086,0.087,0.085,0.085,0.085,0.085,0.086,0.086,0.085,0.085,0.085,0.538,0.538,0.516,0.285,0.333,0.297,1.16,1.169,1.147,1.167,0.086,0.086,0.35,0.619,0.887,0.957,0.971,1,0.969,0.966,1.065,1.072,0.086,0.085,0.928,0.893,0.926,0.968,0.532,1.002,1.007,0.981,1.046,1.043,0.086,0.085,0.415,0.927,0.819,1.117,1.131,1.134,1.017,0.985,1.161,1.156,0.086,0.085,0.493,0.496,0.919,0.085,0.087,0.083,1.019,1.02,0.087,0.089,0.088,0.085,0.378,0.395,0.513,0.085,0.087,0.086,1.145,1.157,0.087,0.086,0.088,0.086,0.086,0.086,0.087,0.087,0.092,0.086,0.085,0.086,0.088,0.087,0.087
21:59:16,28.1,0.087,0.086,0.086,0.087,0.085,0.085,0.085,0.085,0.086,0.086,0.085,0.085,0.085,0.553,0.553,0.521,0.284,0.331,0.295,1.161,1.173,1.147,1.168,0.086,0.086,0.346,0.62,0.888,0.959,0.97,1.007,0.972,0.976,1.07,1.078,0.086,0.085,0.93,0.888,0.921,0.973,0.531,1.005,1.012,0.983,1.048,1.045,0.086,0.085,0.406,0.929,0.81,1.117,1.134,1.135,1.02,0.988,1.163,1.151,0.086,0.085,0.491,0.494,0.918,0.085,0.087,0.083,1.021,1.023,0.087,0.089,0.088,0.085,0.376,0.393,0.509,0.085,0.087,0.086,1.142,1.155,0.087,0.086,0.088,0.086,0.086,0.086,0.087,0.087,0.092,0.086,0.085,0.086,0.088,0.087,0.087
22:14:16,28.1,0.087,0.086,0.086,0.087,0.085,0.085,0.085,0.085,0.086,0.086,0.085,0.085,0.085,0.563,0.575,0.544,0.284,0.331,0.294,1.156,1.167,1.152,1.17,0.086,0.086,0.342,0.627,0.893,0.965,0.978,1.006,0.972,0.973,1.072,1.087,0.086,0.085,0.932,0.895,0.922,0.976,0.53,1.013,1.017,0.981,1.047,1.047,0.086,0.085,0.397,0.933,0.806,1.119,1.134,1.14,1.023,0.992,1.163,1.157,0.086,0.086,0.49,0.494,0.922,0.085,0.087,0.083,1.02,1.024,0.087,0.089,0.088,0.085,0.375,0.392,0.505,0.085,0.087,0.086,1.148,1.163,0.087,0.086,0.088,0.086,0.086,0.086,0.087,0.087,0.092,0.086,0.085,0.086,0.088,0.087,0.087
22:29:16,28.1,0.087,0.086,0.086,0.087,0.085,0.085,0.085,0.085,0.086,0.086,0.085,0.085,0.085,0.569,0.576,0.554,0.284,0.33,0.294,1.163,1.172,1.155,1.17,0.086,0.086,0.334,0.624,0.891,0.971,0.979,1.024,0.979,0.978,1.074,1.085,0.085,0.085,0.93,0.893,0.92,0.98,0.529,1.014,1.015,0.991,1.049,1.045,0.086,0.085,0.386,0.937,0.798,1.127,1.138,1.142,1.024,0.994,1.175,1.157,0.086,0.085,0.486,0.494,0.926,0.085,0.087,0.083,1.024,1.026,0.087,0.089,0.087,0.085,0.374,0.392,0.51,0.085,0.087,0.086,1.149,1.16,0.087,0.086,0.088,0.086,0.086,0.086,0.087,0.087,0.092,0.086,0.085,0.086,0.088,0.087,0.087
22:44:16,28.1,0.087,0.086,0.086,0.087,0.085,0.085,0.085,0.085,0.086,0.086,0.085,0.085,0.085,0.589,0.599,0.568,0.285,0.33,0.294,1.174,1.177,1.159,1.178,0.086,0.086,0.33,0.628,0.903,0.981,0.988,1.018,0.986,0.986,1.081,1.087,0.086,0.086,0.947,0.901,0.932,0.983,0.528,1.019,1.02,0.991,1.054,1.053,0.086,0.085,0.378,0.939,0.796,1.129,1.141,1.148,1.027,0.997,1.173,1.156,0.086,0.085,0.483,0.494,0.93,0.085,0.087,0.083,1.028,1.031,0.087,0.089,0.088,0.085,0.375,0.394,0.511,0.085,0.088,0.086,1.152,1.169,0.087,0.087,0.088,0.086,0.086,0.086,0.087,0.087,0.092,0.086,0.085,0.086,0.088,0.087,0.087
22:59:16,28.1,0.087,0.086,0.086,0.087,0.085,0.085,0.085,0.085,0.086,0.086,0.085,0.085,0.085,0.595,0.602,0.575,0.284,0.326,0.293,1.173,1.18,1.159,1.179,0.086,0.086,0.324,0.634,0.901,0.979,0.984,1.021,0.984,0.987,1.085,1.09,0.086,0.086,0.95,0.902,0.938,0.989,0.527,1.022,1.022,1.006,1.05,1.053,0.086,0.085,0.371,0.942,0.786,1.13,1.143,1.147,1.037,1.003,1.173,1.166,0.086,0.085,0.479,0.491,0.931,0.085,0.087,0.083,1.031,1.034,0.087,0.089,0.087,0.085,0.372,0.389,0.514,0.085,0.087,0.086,1.159,1.168,0.087,0.086,0.088,0.086,0.086,0.086,0.087,0.087,0.092,0.086,0.085,0.086,0.088,0.087,0.087
23:14:16,28,0.087,0.086,0.086,0.087,0.085,0.085,0.085,0.085,0.086,0.086,0.085,0.085,0.085,0.614,0.62,0.595,0.285,0.327,0.293,1.186,1.185,1.172,1.192,0.086,0.086,0.32,0.637,0.903,0.992,1.009,1.036,0.992,0.987,1.109,1.112,0.086,0.086,0.956,0.908,0.945,0.995,0.527,1.033,1.038,1.003,1.056,1.062,0.086,0.085,0.367,0.946,0.785,1.135,1.148,1.151,1.036,1.007,1.179,1.167,0.086,0.086,0.474,0.495,0.936,0.085,0.087,0.083,1.04,1.041,0.087,0.089,0.088,0.085,0.374,0.392,0.515,0.085,0.088,0.086,1.161,1.172,0.087,0.086,0.088,0.086,0.086,0.086,0.087,0.087,0.092,0.086,0.085,0.086,0.088,0.087,0.087
23:29:16,28.1,0.087,0.086,0.086,0.087,0.085,0.085,0.085,0.085,0.086,0.086,0.085,0.085,0.085,0.619,0.616,0.602,0.284,0.326,0.292,1.176,1.185,1.167,1.19,0.086,0.086,0.317,0.637,0.903,0.993,0.998,1.031,0.991,0.986,1.101,1.106,0.085,0.085,0.959,0.913,0.937,0.994,0.524,1.032,1.034,1.014,1.062,1.065,0.086,0.085,0.364,0.947,0.776,1.137,1.149,1.155,1.043,1.016,1.177,1.169,0.086,0.085,0.469,0.492,0.941,0.085,0.087,0.083,1.039,1.038,0.087,0.089,0.087,0.085,0.371,0.389,0.504,0.085,0.087,0.086,1.159,1.172,0.087,0.086,0.088,0.086,0.086,0.086,0.087,0.087,0.092,0.086,0.085,0.086,0.088,0.087,0.087
23:44:16,28,0.087,0.086,0.086,0.087,0.085,0.085,0.085,0.085,0.086,0.086,0.085,0.085,0.085,0.638,0.631,0.612,0.284,0.324,0.293,1.183,1.185,1.172,1.188,0.086,0.086,0.312,0.638,0.915,0.993,1.004,1.038,0.994,0.989,1.104,1.112,0.086,0.085,0.958,0.917,0.946,0.989,0.523,1.03,1.041,1.012,1.064,1.07,0.086,0.085,0.358,0.952,0.773,1.135,1.146,1.15,1.041,1.013,1.181,1.174,0.086,0.086,0.465,0.491,0.938,0.085,0.087,0.083,1.037,1.039,0.087,0.089,0.088,0.085,0.369,0.388,0.509,0.085,0.088,0.086,1.162,1.175,0.087,0.086,0.088,0.086,0.086,0.086,0.087,0.087,0.092,0.086,0.085,0.086,0.088,0.087,0.087
23:59:16,28.1,0.087,0.086,0.086,0.087,0.085,0.085,0.085,0.085,0.086,0.086,0.085,0.085,0.085,0.655,0.64,0.628,0.284,0.323,0.292,1.191,1.192,1.171,1.194,0.086,0.086,0.31,0.643,0.918,1.002,1.009,1.045,0.997,0.991,1.112,1.118,0.086,0.085,0.966,0.914,0.949,1.005,0.521,1.038,1.047,1.017,1.063,1.073,0.086,0.085,0.355,0.951,0.77,1.137,1.155,1.159,1.053,1.012,1.187,1.176,0.086,0.085,0.461,0.489,0.941,0.085,0.087,0.083,1.038,1.043,0.087,0.089,0.087,0.085,0.368,0.388,0.512,0.085,0.088,0.086,1.168,1.181,0.087,0.086,0.088,0.086,0.086,0.086,0.087,0.087,0.092,0.086,0.085,0.086,0.088,0.087,0.087
24:14:16,28.1,0.087,0.086,0.086,0.087,0.085,0.085,0.085,0.085,0.086,0.086,0.085,0.085,0.085,0.652,0.636,0.622,0.282,0.32,0.29,1.173,1.186,1.164,1.187,0.086,0.086,0.304,0.631,0.909,0.999,1.014,1.039,0.991,0.994,1.113,1.121,0.086,0.086,0.971,0.925,0.951,1.002,0.519,1.033,1.05,1.016,1.067,1.071,0.086,0.085,0.35,0.946,0.762,1.141,1.151,1.16,1.056,1.016,1.181,1.172,0.086,0.086,0.455,0.486,0.943,0.085,0.087,0.083,1.041,1.041,0.087,0.089,0.087,0.085,0.365,0.384,0.497,0.085,0.087,0.086,1.168,1.183,0.087,0.086,0.088,0.086,0.086,0.086,0.087,0.087,0.092,0.086,0.085,0.086,0.088,0.087,0.087
