Software Version,3.11.19,,,,,,,,,,,,,,,,,,,,,,,,,,,,,,,,,,,,,,,,,,,,,,,,,,,,,,,,,,,,,,,,,,,,,,,,,,,,,,,,,,,,,,,,,,,,,,,,,
,,,,,,,,,,,,,,,,,,,,,,,,,,,,,,,,,,,,,,,,,,,,,,,,,,,,,,,,,,,,,,,,,,,,,,,,,,,,,,,,,,,,,,,,,,,,,,,,,,
Experiment File Path:,C:\Users\TurnerLabPlateReader\Documents\Blazanin\SBW25\2022-06-07 William Growth Curves.xpt,,,,,,,,,,,,,,,,,,,,,,,,,,,,,,,,,,,,,,,,,,,,,,,,,,,,,,,,,,,,,,,,,,,,,,,,,,,,,,,,,,,,,,,,,,,,,,,,,
Protocol File Path:,C:\Users\Public\Documents\Protocols\OD600 Overnight.prt,,,,,,,,,,,,,,,,,,,,,,,,,,,,,,,,,,,,,,,,,,,,,,,,,,,,,,,,,,,,,,,,,,,,,,,,,,,,,,,,,,,,,,,,,,,,,,,,,
Plate Number,Plate 1,,,,,,,,,,,,,,,,,,,,,,,,,,,,,,,,,,,,,,,,,,,,,,,,,,,,,,,,,,,,,,,,,,,,,,,,,,,,,,,,,,,,,,,,,,,,,,,,,
Date,6/7/2022,,,,,,,,,,,,,,,,,,,,,,,,,,,,,,,,,,,,,,,,,,,,,,,,,,,,,,,,,,,,,,,,,,,,,,,,,,,,,,,,,,,,,,,,,,,,,,,,,
Time,3:40:51 PM,,,,,,,,,,,,,,,,,,,,,,,,,,,,,,,,,,,,,,,,,,,,,,,,,,,,,,,,,,,,,,,,,,,,,,,,,,,,,,,,,,,,,,,,,,,,,,,,,
Reader Type:,Epoch 2,,,,,,,,,,,,,,,,,,,,,,,,,,,,,,,,,,,,,,,,,,,,,,,,,,,,,,,,,,,,,,,,,,,,,,,,,,,,,,,,,,,,,,,,,,,,,,,,,
Reader Serial Number:,2105176,,,,,,,,,,,,,,,,,,,,,,,,,,,,,,,,,,,,,,,,,,,,,,,,,,,,,,,,,,,,,,,,,,,,,,,,,,,,,,,,,,,,,,,,,,,,,,,,,
Reading Type,Reader,,,,,,,,,,,,,,,,,,,,,,,,,,,,,,,,,,,,,,,,,,,,,,,,,,,,,,,,,,,,,,,,,,,,,,,,,,,,,,,,,,,,,,,,,,,,,,,,,
,,,,,,,,,,,,,,,,,,,,,,,,,,,,,,,,,,,,,,,,,,,,,,,,,,,,,,,,,,,,,,,,,,,,,,,,,,,,,,,,,,,,,,,,,,,,,,,,,,
Procedure Details,,,,,,,,,,,,,,,,,,,,,,,,,,,,,,,,,,,,,,,,,,,,,,,,,,,,,,,,,,,,,,,,,,,,,,,,,,,,,,,,,,,,,,,,,,,,,,,,,,
Plate Type,Falcon 96 flat bottom clear (Use plate lid),,,,,,,,,,,,,,,,,,,,,,,,,,,,,,,,,,,,,,,,,,,,,,,,,,,,,,,,,,,,,,,,,,,,,,,,,,,,,,,,,,,,,,,,,,,,,,,,,
Set Temperature,"Setpoint 28°C, Gradient 1 °C",,,,,,,,,,,,,,,,,,,,,,,,,,,,,,,,,,,,,,,,,,,,,,,,,,,,,,,,,,,,,,,,,,,,,,,,,,,,,,,,,,,,,,,,,,,,,,,,,
,Preheat before moving to next step,,,,,,,,,,,,,,,,,,,,,,,,,,,,,,,,,,,,,,,,,,,,,,,,,,,,,,,,,,,,,,,,,,,,,,,,,,,,,,,,,,,,,,,,,,,,,,,,,
Start Kinetic,"Runtime 24:00:00 (HH:MM:SS), Interval 0:15:00, 97 Reads",,,,,,,,,,,,,,,,,,,,,,,,,,,,,,,,,,,,,,,,,,,,,,,,,,,,,,,,,,,,,,,,,,,,,,,,,,,,,,,,,,,,,,,,,,,,,,,,,
    Shake,Orbital: Continuous,,,,,,,,,,,,,,,,,,,,,,,,,,,,,,,,,,,,,,,,,,,,,,,,,,,,,,,,,,,,,,,,,,,,,,,,,,,,,,,,,,,,,,,,,,,,,,,,,
,Frequency: 282 cpm (3 mm),,,,,,,,,,,,,,,,,,,,,,,,,,,,,,,,,,,,,,,,,,,,,,,,,,,,,,,,,,,,,,,,,,,,,,,,,,,,,,,,,,,,,,,,,,,,,,,,,
    Read,Absorbance Endpoint,,,,,,,,,,,,,,,,,,,,,,,,,,,,,,,,,,,,,,,,,,,,,,,,,,,,,,,,,,,,,,,,,,,,,,,,,,,,,,,,,,,,,,,,,,,,,,,,,
,Full Plate,,,,,,,,,,,,,,,,,,,,,,,,,,,,,,,,,,,,,,,,,,,,,,,,,,,,,,,,,,,,,,,,,,,,,,,,,,,,,,,,,,,,,,,,,,,,,,,,,
,Wavelengths:  600,,,,,,,,,,,,,,,,,,,,,,,,,,,,,,,,,,,,,,,,,,,,,,,,,,,,,,,,,,,,,,,,,,,,,,,,,,,,,,,,,,,,,,,,,,,,,,,,,
,"Read Speed: Normal,  Delay: 100 msec,  Measurements/Data Point: 8",,,,,,,,,,,,,,,,,,,,,,,,,,,,,,,,,,,,,,,,,,,,,,,,,,,,,,,,,,,,,,,,,,,,,,,,,,,,,,,,,,,,,,,,,,,,,,,,,
End Kinetic,,,,,,,,,,,,,,,,,,,,,,,,,,,,,,,,,,,,,,,,,,,,,,,,,,,,,,,,,,,,,,,,,,,,,,,,,,,,,,,,,,,,,,,,,,,,,,,,,,
Set Temperature,"Setpoint 28°C, Gradient 0 °C",,,,,,,,,,,,,,,,,,,,,,,,,,,,,,,,,,,,,,,,,,,,,,,,,,,,,,,,,,,,,,,,,,,,,,,,,,,,,,,,,,,,,,,,,,,,,,,,,
,Preheat before moving to next step,,,,,,,,,,,,,,,,,,,,,,,,,,,,,,,,,,,,,,,,,,,,,,,,,,,,,,,,,,,,,,,,,,,,,,,,,,,,,,,,,,,,,,,,,,,,,,,,,
,,,,,,,,,,,,,,,,,,,,,,,,,,,,,,,,,,,,,,,,,,,,,,,,,,,,,,,,,,,,,,,,,,,,,,,,,,,,,,,,,,,,,,,,,,,,,,,,,,
Layout,,,,,,,,,,,,,,,,,,,,,,,,,,,,,,,,,,,,,,,,,,,,,,,,,,,,,,,,,,,,,,,,,,,,,,,,,,,,,,,,,,,,,,,,,,,,,,,,,,
,,,,,,,,,,,,,,,,,,,,,,,,,,,,,,,,,,,,,,,,,,,,,,,,,,,,,,,,,,,,,,,,,,,,,,,,,,,,,,,,,,,,,,,,,,,,,,,,,,
,,1,2,3,4,5,6,7,8,9,10,11,12,,,,,,,,,,,,,,,,,,,,,,,,,,,,,,,,,,,,,,,,,,,,,,,,,,,,,,,,,,,,,,,,,,,,,,,,,,,,,,,,,,,,,
,A,SPL1,SPL9,SPL17,SPL25,SPL33,SPL41,SPL49,SPL57,SPL65,SPL73,SPL81,SPL89,Well ID,,,,,,,,,,,,,,,,,,,,,,,,,,,,,,,,,,,,,,,,,,,,,,,,,,,,,,,,,,,,,,,,,,,,,,,,,,,,,,,,,,,,
,B,SPL2,SPL10,SPL18,SPL26,SPL34,SPL42,SPL50,SPL58,SPL66,SPL74,SPL82,SPL90,Well ID,,,,,,,,,,,,,,,,,,,,,,,,,,,,,,,,,,,,,,,,,,,,,,,,,,,,,,,,,,,,,,,,,,,,,,,,,,,,,,,,,,,,
,C,SPL3,SPL11,SPL19,SPL27,SPL35,SPL43,SPL51,SPL59,SPL67,SPL75,SPL83,SPL91,Well ID,,,,,,,,,,,,,,,,,,,,,,,,,,,,,,,,,,,,,,,,,,,,,,,,,,,,,,,,,,,,,,,,,,,,,,,,,,,,,,,,,,,,
,D,SPL4,SPL12,SPL20,SPL28,SPL36,SPL44,SPL52,SPL60,SPL68,SPL76,SPL84,SPL92,Well ID,,,,,,,,,,,,,,,,,,,,,,,,,,,,,,,,,,,,,,,,,,,,,,,,,,,,,,,,,,,,,,,,,,,,,,,,,,,,,,,,,,,,
,E,SPL5,SPL13,SPL21,SPL29,SPL37,SPL45,SPL53,SPL61,SPL69,SPL77,SPL85,SPL93,Well ID,,,,,,,,,,,,,,,,,,,,,,,,,,,,,,,,,,,,,,,,,,,,,,,,,,,,,,,,,,,,,,,,,,,,,,,,,,,,,,,,,,,,
,F,SPL6,SPL14,SPL22,SPL30,SPL38,SPL46,SPL54,SPL62,SPL70,SPL78,SPL86,SPL94,Well ID,,,,,,,,,,,,,,,,,,,,,,,,,,,,,,,,,,,,,,,,,,,,,,,,,,,,,,,,,,,,,,,,,,,,,,,,,,,,,,,,,,,,
,G,SPL7,SPL15,SPL23,SPL31,SPL39,SPL47,SPL55,SPL63,SPL71,SPL79,SPL87,SPL95,Well ID,,,,,,,,,,,,,,,,,,,,,,,,,,,,,,,,,,,,,,,,,,,,,,,,,,,,,,,,,,,,,,,,,,,,,,,,,,,,,,,,,,,,
,H,SPL8,SPL16,SPL24,SPL32,SPL40,SPL48,SPL56,SPL64,SPL72,SPL80,SPL88,SPL96,Well ID,,,,,,,,,,,,,,,,,,,,,,,,,,,,,,,,,,,,,,,,,,,,,,,,,,,,,,,,,,,,,,,,,,,,,,,,,,,,,,,,,,,,
,,,,,,,,,,,,,,,,,,,,,,,,,,,,,,,,,,,,,,,,,,,,,,,,,,,,,,,,,,,,,,,,,,,,,,,,,,,,,,,,,,,,,,,,,,,,,,,,,,
600,,,,,,,,,,,,,,,,,,,,,,,,,,,,,,,,,,,,,,,,,,,,,,,,,,,,,,,,,,,,,,,,,,,,,,,,,,,,,,,,,,,,,,,,,,,,,,,,,,
,,,,,,,,,,,,,,,,,,,,,,,,,,,,,,,,,,,,,,,,,,,,,,,,,,,,,,,,,,,,,,,,,,,,,,,,,,,,,,,,,,,,,,,,,,,,,,,,,,
,Time,T° 600,A1,A2,A3,A4,A5,A6,A7,A8,A9,A10,A11,A12,B1,B2,B3,B4,B5,B6,B7,B8,B9,B10,B11,B12,C1,C2,C3,C4,C5,C6,C7,C8,C9,C10,C11,C12,D1,D2,D3,D4,D5,D6,D7,D8,D9,D10,D11,D12,E1,E2,E3,E4,E5,E6,E7,E8,E9,E10,E11,E12,F1,F2,F3,F4,F5,F6,F7,F8,F9,F10,F11,F12,G1,G2,G3,G4,G5,G6,G7,G8,G9,G10,G11,G12,H1,H2,H3,H4,H5,H6,H7,H8,H9,H10,H11,H12
,0:14:16,28.1,0.22,0.256,0.305,0.25,0.089,0.086,0.274,0.395,0.099,0.091,0.094,0.452,0.116,0.197,0.203,0.188,0.195,0.215,0.202,0.201,0.201,0.21,0.204,0.09,0.444,0.189,0.217,0.19,0.246,0.249,0.237,0.189,0.19,0.236,0.233,0.088,0.156,0.285,0.238,0.252,0.205,0.213,0.202,0.227,0.239,0.206,0.219,0.086,0.09,0.177,0.221,0.192,0.191,0.207,0.217,0.208,0.19,0.197,0.188,0.087,0.089,0.246,0.192,0.202,0.086,0.089,0.087,0.225,0.192,0.088,0.09,0.087,0.1,0.178,0.317,0.188,0.088,0.086,0.086,0.208,0.188,0.087,0.088,0.09,0.239,0.087,0.085,0.086,0.087,0.087,0.088,0.086,0.086,0.092,0.385,0.239
,0:29:16,28.1,0.22,0.256,0.306,0.248,0.089,0.086,0.272,0.396,0.098,0.091,0.093,0.445,0.116,0.187,0.189,0.188,0.197,0.204,0.207,0.201,0.2,0.211,0.21,0.09,0.443,0.197,0.203,0.189,0.268,0.254,0.257,0.189,0.205,0.252,0.243,0.088,0.156,0.275,0.248,0.287,0.202,0.221,0.194,0.236,0.26,0.213,0.222,0.086,0.09,0.184,0.196,0.186,0.194,0.213,0.2,0.209,0.192,0.185,0.186,0.087,0.089,0.245,0.209,0.209,0.086,0.089,0.087,0.228,0.202,0.088,0.091,0.087,0.1,0.183,0.308,0.186,0.088,0.086,0.086,0.192,0.186,0.087,0.088,0.09,0.239,0.087,0.085,0.087,0.087,0.087,0.088,0.087,0.086,0.092,0.385,0.24
,0:44:16,28.1,0.218,0.254,0.304,0.251,0.089,0.086,0.274,0.396,0.098,0.091,0.094,0.444,0.117,0.191,0.194,0.192,0.208,0.21,0.211,0.196,0.199,0.211,0.21,0.09,0.443,0.203,0.21,0.198,0.263,0.265,0.271,0.192,0.204,0.272,0.261,0.088,0.155,0.282,0.258,0.283,0.215,0.222,0.211,0.255,0.281,0.219,0.229,0.086,0.09,0.19,0.2,0.182,0.205,0.216,0.209,0.21,0.193,0.187,0.192,0.087,0.089,0.251,0.221,0.207,0.086,0.089,0.087,0.234,0.201,0.088,0.091,0.087,0.1,0.182,0.309,0.189,0.087,0.086,0.086,0.181,0.183,0.087,0.088,0.09,0.242,0.087,0.085,0.086,0.087,0.087,0.088,0.087,0.086,0.092,0.385,0.24
,0:59:16,28.1,0.219,0.254,0.304,0.249,0.089,0.086,0.273,0.396,0.098,0.091,0.093,0.446,0.116,0.191,0.201,0.198,0.221,0.214,0.217,0.205,0.208,0.216,0.222,0.09,0.443,0.215,0.211,0.21,0.28,0.276,0.281,0.202,0.211,0.28,0.273,0.088,0.154,0.283,0.275,0.295,0.226,0.225,0.23,0.274,0.306,0.23,0.235,0.086,0.09,0.197,0.198,0.188,0.205,0.239,0.215,0.212,0.202,0.195,0.197,0.087,0.089,0.258,0.232,0.216,0.086,0.089,0.087,0.233,0.208,0.088,0.091,0.087,0.1,0.18,0.306,0.192,0.087,0.086,0.087,0.182,0.175,0.087,0.088,0.09,0.241,0.087,0.085,0.086,0.087,0.087,0.088,0.087,0.086,0.092,0.385,0.241
,1:14:16,28.1,0.219,0.253,0.305,0.251,0.089,0.086,0.276,0.395,0.099,0.091,0.094,0.447,0.116,0.205,0.218,0.214,0.236,0.232,0.226,0.223,0.222,0.235,0.228,0.09,0.443,0.228,0.221,0.218,0.297,0.295,0.299,0.226,0.221,0.294,0.287,0.088,0.155,0.294,0.287,0.306,0.229,0.237,0.239,0.293,0.319,0.241,0.249,0.086,0.09,0.21,0.218,0.202,0.217,0.25,0.226,0.225,0.202,0.21,0.21,0.087,0.089,0.268,0.245,0.226,0.086,0.089,0.087,0.24,0.219,0.088,0.091,0.087,0.1,0.189,0.317,0.192,0.087,0.086,0.086,0.193,0.187,0.087,0.088,0.09,0.242,0.088,0.085,0.086,0.087,0.087,0.088,0.087,0.086,0.092,0.385,0.239
,1:29:16,28.1,0.218,0.254,0.304,0.25,0.089,0.086,0.273,0.395,0.098,0.091,0.093,0.446,0.116,0.229,0.238,0.233,0.258,0.246,0.239,0.248,0.247,0.256,0.245,0.09,0.443,0.243,0.236,0.238,0.304,0.316,0.313,0.24,0.231,0.31,0.305,0.088,0.155,0.322,0.301,0.312,0.254,0.251,0.25,0.313,0.34,0.252,0.254,0.086,0.09,0.224,0.231,0.21,0.233,0.259,0.237,0.248,0.221,0.223,0.223,0.087,0.089,0.282,0.249,0.246,0.086,0.089,0.087,0.256,0.24,0.089,0.091,0.087,0.1,0.207,0.325,0.212,0.088,0.086,0.087,0.209,0.203,0.087,0.088,0.09,0.241,0.088,0.085,0.086,0.087,0.087,0.088,0.086,0.086,0.092,0.385,0.241
,1:44:16,28.1,0.218,0.253,0.304,0.252,0.089,0.086,0.273,0.394,0.099,0.091,0.094,0.446,0.116,0.25,0.266,0.258,0.268,0.266,0.267,0.274,0.275,0.285,0.268,0.09,0.443,0.256,0.249,0.251,0.325,0.333,0.333,0.25,0.254,0.321,0.317,0.088,0.155,0.329,0.314,0.341,0.263,0.264,0.261,0.326,0.359,0.263,0.27,0.086,0.09,0.24,0.258,0.228,0.249,0.273,0.254,0.258,0.247,0.245,0.232,0.087,0.089,0.302,0.263,0.265,0.086,0.089,0.087,0.263,0.252,0.088,0.091,0.087,0.1,0.225,0.349,0.233,0.087,0.086,0.087,0.232,0.22,0.087,0.089,0.09,0.241,0.088,0.085,0.086,0.087,0.087,0.088,0.086,0.086,0.092,0.384,0.239
,1:59:16,28.1,0.218,0.253,0.304,0.25,0.089,0.086,0.274,0.395,0.099,0.091,0.094,0.448,0.116,0.278,0.298,0.29,0.299,0.306,0.284,0.318,0.309,0.322,0.296,0.09,0.443,0.267,0.272,0.266,0.329,0.351,0.35,0.276,0.275,0.341,0.339,0.088,0.155,0.348,0.331,0.352,0.293,0.29,0.286,0.343,0.38,0.286,0.295,0.086,0.09,0.266,0.272,0.258,0.261,0.284,0.272,0.276,0.266,0.262,0.245,0.087,0.089,0.317,0.281,0.287,0.086,0.089,0.087,0.282,0.275,0.089,0.091,0.087,0.099,0.245,0.373,0.25,0.088,0.086,0.087,0.257,0.243,0.087,0.089,0.09,0.241,0.088,0.085,0.086,0.087,0.087,0.088,0.087,0.086,0.092,0.384,0.24
,2:14:16,28.1,0.218,0.253,0.305,0.25,0.089,0.086,0.274,0.395,0.099,0.091,0.094,0.45,0.117,0.301,0.332,0.32,0.317,0.328,0.319,0.345,0.34,0.35,0.341,0.09,0.443,0.284,0.306,0.277,0.344,0.364,0.373,0.296,0.308,0.355,0.352,0.088,0.154,0.365,0.342,0.365,0.313,0.313,0.309,0.349,0.405,0.311,0.321,0.086,0.09,0.29,0.313,0.273,0.277,0.308,0.295,0.318,0.3,0.283,0.263,0.087,0.089,0.348,0.312,0.317,0.086,0.089,0.087,0.305,0.29,0.089,0.091,0.087,0.099,0.276,0.401,0.276,0.088,0.086,0.087,0.287,0.275,0.087,0.089,0.09,0.242,0.088,0.085,0.087,0.087,0.087,0.088,0.087,0.086,0.092,0.384,0.24
,2:29:16,28.1,0.217,0.253,0.303,0.251,0.089,0.086,0.274,0.393,0.099,0.091,0.094,0.449,0.116,0.323,0.36,0.349,0.341,0.351,0.352,0.378,0.372,0.379,0.372,0.09,0.443,0.303,0.31,0.303,0.368,0.39,0.392,0.319,0.329,0.368,0.366,0.088,0.155,0.381,0.358,0.386,0.342,0.33,0.333,0.368,0.436,0.344,0.354,0.086,0.09,0.311,0.337,0.291,0.295,0.348,0.323,0.341,0.322,0.316,0.285,0.087,0.089,0.356,0.33,0.357,0.086,0.089,0.087,0.319,0.315,0.089,0.091,0.087,0.099,0.307,0.431,0.301,0.087,0.086,0.087,0.319,0.312,0.087,0.089,0.09,0.239,0.088,0.085,0.086,0.087,0.087,0.088,0.087,0.086,0.092,0.383,0.24
,2:44:16,28.1,0.216,0.251,0.301,0.253,0.089,0.086,0.275,0.393,0.099,0.091,0.094,0.449,0.117,0.357,0.384,0.374,0.363,0.378,0.363,0.402,0.402,0.407,0.406,0.09,0.443,0.321,0.351,0.33,0.366,0.407,0.404,0.337,0.358,0.381,0.38,0.088,0.154,0.391,0.376,0.403,0.362,0.36,0.353,0.382,0.449,0.363,0.384,0.086,0.09,0.332,0.363,0.332,0.32,0.366,0.355,0.374,0.37,0.346,0.32,0.087,0.089,0.373,0.342,0.374,0.086,0.089,0.087,0.355,0.332,0.089,0.091,0.087,0.099,0.336,0.466,0.329,0.087,0.086,0.086,0.344,0.335,0.087,0.089,0.09,0.241,0.089,0.085,0.086,0.087,0.087,0.088,0.086,0.086,0.092,0.383,0.24
,2:59:16,28.1,0.217,0.251,0.302,0.252,0.089,0.086,0.275,0.394,0.099,0.091,0.094,0.446,0.117,0.376,0.408,0.404,0.386,0.411,0.402,0.426,0.423,0.437,0.431,0.09,0.442,0.336,0.351,0.34,0.388,0.427,0.422,0.354,0.391,0.4,0.4,0.088,0.154,0.415,0.391,0.422,0.391,0.385,0.383,0.404,0.468,0.394,0.413,0.087,0.09,0.357,0.39,0.341,0.352,0.402,0.381,0.387,0.378,0.376,0.348,0.087,0.089,0.408,0.363,0.398,0.086,0.089,0.087,0.383,0.359,0.089,0.091,0.087,0.099,0.359,0.488,0.352,0.087,0.086,0.086,0.373,0.37,0.087,0.089,0.09,0.243,0.089,0.085,0.086,0.087,0.087,0.088,0.087,0.086,0.092,0.384,0.238
,3:14:16,28.1,0.216,0.251,0.302,0.253,0.089,0.086,0.274,0.393,0.099,0.091,0.094,0.447,0.116,0.396,0.442,0.422,0.395,0.435,0.431,0.459,0.471,0.481,0.46,0.09,0.443,0.353,0.382,0.364,0.408,0.441,0.439,0.377,0.407,0.412,0.415,0.088,0.155,0.428,0.407,0.441,0.408,0.419,0.413,0.409,0.495,0.409,0.453,0.086,0.09,0.383,0.424,0.373,0.376,0.43,0.404,0.412,0.416,0.402,0.376,0.087,0.089,0.433,0.388,0.43,0.086,0.089,0.087,0.402,0.369,0.089,0.091,0.087,0.099,0.381,0.523,0.37,0.087,0.086,0.086,0.408,0.407,0.087,0.089,0.09,0.242,0.09,0.085,0.087,0.087,0.087,0.088,0.087,0.086,0.092,0.383,0.238
,3:29:16,28.1,0.217,0.253,0.303,0.251,0.089,0.086,0.273,0.393,0.098,0.091,0.094,0.447,0.116,0.43,0.475,0.461,0.425,0.479,0.465,0.499,0.489,0.505,0.489,0.09,0.443,0.369,0.402,0.385,0.408,0.465,0.452,0.397,0.448,0.428,0.433,0.088,0.155,0.449,0.433,0.453,0.438,0.455,0.448,0.426,0.513,0.453,0.479,0.087,0.09,0.408,0.446,0.401,0.395,0.455,0.427,0.435,0.444,0.426,0.406,0.087,0.089,0.467,0.412,0.443,0.086,0.089,0.087,0.43,0.411,0.089,0.091,0.087,0.099,0.41,0.567,0.414,0.088,0.086,0.086,0.428,0.431,0.087,0.089,0.09,0.24,0.09,0.085,0.086,0.087,0.087,0.088,0.087,0.086,0.092,0.383,0.239
,3:44:16,28.1,0.218,0.253,0.304,0.25,0.089,0.086,0.273,0.394,0.098,0.091,0.094,0.447,0.117,0.468,0.503,0.48,0.45,0.515,0.503,0.537,0.54,0.541,0.528,0.09,0.442,0.394,0.433,0.4,0.427,0.481,0.473,0.423,0.478,0.445,0.452,0.088,0.154,0.465,0.441,0.473,0.458,0.476,0.47,0.442,0.531,0.467,0.498,0.087,0.09,0.444,0.489,0.446,0.433,0.502,0.468,0.486,0.496,0.468,0.432,0.087,0.089,0.49,0.437,0.465,0.086,0.089,0.087,0.463,0.427,0.089,0.091,0.087,0.099,0.44,0.618,0.438,0.087,0.086,0.086,0.462,0.453,0.087,0.089,0.09,0.242,0.091,0.085,0.086,0.087,0.087,0.088,0.087,0.086,0.092,0.384,0.239
,3:59:16,28.1,0.216,0.25,0.301,0.252,0.089,0.086,0.274,0.393,0.099,0.091,0.094,0.448,0.116,0.467,0.519,0.485,0.48,0.562,0.542,0.582,0.588,0.597,0.571,0.09,0.442,0.409,0.441,0.424,0.453,0.501,0.488,0.442,0.484,0.459,0.469,0.088,0.155,0.482,0.448,0.485,0.481,0.505,0.496,0.466,0.553,0.504,0.534,0.087,0.09,0.514,0.525,0.475,0.473,0.565,0.514,0.56,0.55,0.511,0.466,0.087,0.089,0.521,0.459,0.488,0.086,0.089,0.087,0.495,0.453,0.089,0.091,0.087,0.099,0.476,0.681,0.489,0.087,0.086,0.086,0.497,0.499,0.087,0.089,0.09,0.24,0.091,0.085,0.086,0.087,0.087,0.088,0.086,0.086,0.092,0.383,0.238
,4:14:16,28.1,0.217,0.252,0.303,0.251,0.089,0.086,0.272,0.393,0.098,0.091,0.094,0.446,0.116,0.472,0.524,0.489,0.512,0.588,0.584,0.629,0.638,0.634,0.613,0.09,0.442,0.423,0.487,0.448,0.459,0.514,0.505,0.465,0.505,0.474,0.482,0.088,0.154,0.495,0.463,0.495,0.503,0.531,0.527,0.472,0.569,0.515,0.561,0.086,0.09,0.508,0.534,0.507,0.515,0.607,0.555,0.618,0.601,0.545,0.518,0.087,0.089,0.536,0.48,0.518,0.086,0.089,0.087,0.513,0.477,0.089,0.091,0.087,0.099,0.534,0.716,0.538,0.087,0.086,0.086,0.531,0.55,0.087,0.089,0.089,0.242,0.092,0.085,0.086,0.087,0.087,0.088,0.086,0.085,0.092,0.383,0.238
,4:29:16,28.1,0.217,0.252,0.302,0.251,0.089,0.086,0.274,0.392,0.099,0.091,0.094,0.449,0.116,0.465,0.503,0.473,0.542,0.612,0.6,0.667,0.691,0.676,0.651,0.09,0.442,0.446,0.494,0.47,0.468,0.532,0.52,0.484,0.529,0.488,0.491,0.088,0.155,0.511,0.476,0.512,0.523,0.551,0.553,0.499,0.585,0.547,0.578,0.087,0.09,0.506,0.533,0.508,0.546,0.655,0.61,0.673,0.613,0.618,0.556,0.087,0.089,0.563,0.507,0.539,0.086,0.089,0.087,0.536,0.502,0.089,0.091,0.087,0.099,0.574,0.763,0.563,0.087,0.086,0.086,0.592,0.602,0.087,0.089,0.089,0.24,0.092,0.085,0.086,0.087,0.087,0.088,0.086,0.086,0.092,0.383,0.239
,4:44:16,28.1,0.215,0.25,0.301,0.253,0.089,0.086,0.275,0.391,0.099,0.091,0.094,0.449,0.116,0.439,0.477,0.447,0.567,0.647,0.631,0.735,0.747,0.705,0.677,0.09,0.442,0.457,0.523,0.475,0.48,0.549,0.535,0.502,0.55,0.506,0.505,0.088,0.155,0.522,0.493,0.529,0.544,0.585,0.57,0.504,0.612,0.582,0.61,0.087,0.09,0.506,0.526,0.512,0.596,0.694,0.651,0.701,0.66,0.664,0.59,0.087,0.089,0.58,0.524,0.55,0.086,0.089,0.087,0.563,0.524,0.089,0.091,0.087,0.099,0.618,0.791,0.628,0.087,0.086,0.087,0.63,0.652,0.087,0.089,0.09,0.24,0.092,0.085,0.087,0.087,0.087,0.088,0.087,0.086,0.092,0.383,0.239
,4:59:16,28.1,0.216,0.25,0.302,0.252,0.088,0.086,0.276,0.392,0.099,0.091,0.094,0.449,0.116,0.402,0.449,0.415,0.589,0.658,0.651,0.789,0.793,0.734,0.711,0.09,0.442,0.47,0.537,0.497,0.485,0.559,0.544,0.516,0.568,0.524,0.528,0.088,0.155,0.535,0.504,0.539,0.558,0.603,0.593,0.523,0.612,0.581,0.637,0.086,0.09,0.46,0.5,0.495,0.636,0.722,0.677,0.737,0.707,0.716,0.632,0.087,0.088,0.601,0.542,0.564,0.086,0.089,0.087,0.583,0.533,0.089,0.091,0.087,0.099,0.661,0.815,0.655,0.087,0.086,0.086,0.641,0.694,0.087,0.089,0.09,0.242,0.092,0.085,0.086,0.087,0.087,0.088,0.086,0.086,0.092,0.384,0.239
,5:14:16,28.1,0.216,0.251,0.3,0.252,0.089,0.086,0.275,0.392,0.099,0.091,0.094,0.451,0.117,0.378,0.408,0.37,0.597,0.676,0.654,0.811,0.815,0.753,0.736,0.09,0.442,0.484,0.554,0.515,0.5,0.571,0.558,0.53,0.581,0.542,0.543,0.088,0.155,0.545,0.52,0.556,0.579,0.621,0.609,0.541,0.626,0.614,0.655,0.086,0.09,0.417,0.465,0.468,0.675,0.765,0.714,0.76,0.734,0.751,0.669,0.087,0.089,0.616,0.557,0.58,0.086,0.089,0.087,0.593,0.548,0.089,0.091,0.087,0.099,0.69,0.839,0.687,0.087,0.086,0.087,0.693,0.731,0.087,0.089,0.09,0.242,0.092,0.085,0.086,0.087,0.087,0.088,0.087,0.086,0.092,0.383,0.24
,5:29:16,28.1,0.216,0.25,0.301,0.253,0.089,0.086,0.275,0.392,0.099,0.091,0.094,0.444,0.116,0.35,0.375,0.344,0.594,0.698,0.67,0.841,0.847,0.776,0.769,0.09,0.442,0.494,0.582,0.524,0.527,0.581,0.563,0.552,0.601,0.56,0.565,0.088,0.155,0.561,0.529,0.563,0.586,0.649,0.634,0.555,0.63,0.64,0.674,0.087,0.09,0.386,0.442,0.432,0.713,0.774,0.747,0.8,0.765,0.789,0.738,0.087,0.089,0.63,0.571,0.608,0.086,0.089,0.087,0.629,0.574,0.089,0.091,0.087,0.099,0.717,0.862,0.706,0.088,0.086,0.087,0.738,0.771,0.087,0.089,0.09,0.242,0.092,0.085,0.087,0.087,0.087,0.088,0.087,0.086,0.092,0.383,0.237
,5:44:16,28.1,0.216,0.251,0.301,0.253,0.089,0.086,0.275,0.392,0.099,0.091,0.094,0.446,0.117,0.326,0.347,0.322,0.59,0.685,0.668,0.858,0.865,0.8,0.79,0.09,0.442,0.507,0.596,0.538,0.528,0.592,0.577,0.564,0.61,0.573,0.577,0.088,0.155,0.574,0.537,0.576,0.598,0.664,0.648,0.559,0.655,0.66,0.696,0.087,0.09,0.367,0.404,0.403,0.744,0.795,0.776,0.825,0.793,0.817,0.761,0.087,0.089,0.648,0.585,0.627,0.086,0.089,0.087,0.643,0.587,0.089,0.091,0.087,0.099,0.726,0.877,0.721,0.088,0.086,0.086,0.762,0.796,0.087,0.089,0.09,0.243,0.092,0.085,0.087,0.087,0.087,0.088,0.087,0.086,0.092,0.383,0.239
,5:59:16,28.1,0.217,0.252,0.302,0.25,0.089,0.086,0.274,0.393,0.099,0.091,0.094,0.449,0.115,0.309,0.318,0.293,0.59,0.68,0.66,0.864,0.88,0.822,0.808,0.09,0.442,0.522,0.601,0.553,0.523,0.6,0.587,0.575,0.622,0.581,0.594,0.088,0.155,0.577,0.553,0.584,0.602,0.674,0.661,0.571,0.662,0.672,0.706,0.087,0.09,0.346,0.382,0.375,0.76,0.809,0.796,0.837,0.792,0.844,0.766,0.087,0.089,0.662,0.597,0.625,0.086,0.089,0.087,0.643,0.594,0.089,0.091,0.087,0.099,0.728,0.879,0.725,0.087,0.086,0.087,0.78,0.818,0.087,0.089,0.089,0.241,0.092,0.085,0.086,0.087,0.087,0.088,0.086,0.086,0.092,0.382,0.238
,6:14:16,28.1,0.216,0.251,0.301,0.252,0.089,0.086,0.274,0.392,0.099,0.091,0.094,0.448,0.117,0.288,0.294,0.266,0.577,0.679,0.656,0.885,0.902,0.835,0.832,0.09,0.441,0.524,0.601,0.559,0.542,0.614,0.594,0.59,0.645,0.595,0.609,0.088,0.155,0.586,0.56,0.603,0.605,0.696,0.676,0.574,0.672,0.688,0.728,0.086,0.09,0.338,0.357,0.353,0.783,0.829,0.809,0.835,0.817,0.866,0.788,0.087,0.089,0.673,0.606,0.644,0.086,0.089,0.087,0.672,0.609,0.089,0.091,0.087,0.099,0.731,0.886,0.74,0.087,0.086,0.087,0.813,0.841,0.087,0.089,0.089,0.24,0.092,0.085,0.086,0.087,0.087,0.088,0.087,0.086,0.092,0.381,0.239
,6:29:16,28.1,0.216,0.251,0.302,0.251,0.089,0.086,0.274,0.392,0.099,0.091,0.094,0.447,0.116,0.258,0.262,0.238,0.562,0.665,0.643,0.895,0.913,0.857,0.849,0.09,0.441,0.539,0.623,0.558,0.553,0.623,0.608,0.601,0.652,0.608,0.62,0.088,0.155,0.606,0.571,0.62,0.593,0.702,0.688,0.591,0.695,0.694,0.736,0.087,0.09,0.32,0.332,0.331,0.807,0.84,0.836,0.86,0.829,0.888,0.805,0.087,0.089,0.674,0.611,0.656,0.086,0.089,0.087,0.687,0.625,0.089,0.091,0.087,0.099,0.734,0.886,0.729,0.087,0.086,0.086,0.84,0.867,0.087,0.089,0.09,0.24,0.092,0.085,0.086,0.087,0.087,0.088,0.087,0.086,0.092,0.381,0.238
,6:44:16,28.1,0.216,0.251,0.302,0.252,0.089,0.086,0.276,0.392,0.099,0.091,0.094,0.446,0.116,0.231,0.236,0.22,0.545,0.645,0.628,0.892,0.929,0.867,0.864,0.09,0.441,0.546,0.639,0.57,0.562,0.631,0.622,0.611,0.668,0.617,0.631,0.088,0.155,0.61,0.582,0.625,0.596,0.711,0.691,0.609,0.701,0.715,0.745,0.087,0.09,0.305,0.317,0.319,0.813,0.861,0.846,0.874,0.847,0.905,0.819,0.087,0.089,0.687,0.621,0.667,0.086,0.089,0.087,0.692,0.637,0.089,0.091,0.087,0.099,0.722,0.888,0.729,0.088,0.086,0.087,0.843,0.882,0.087,0.089,0.09,0.243,0.092,0.085,0.086,0.087,0.087,0.088,0.087,0.086,0.092,0.382,0.239
,6:59:16,28.1,0.216,0.251,0.302,0.251,0.089,0.086,0.274,0.392,0.099,0.091,0.094,0.446,0.117,0.222,0.221,0.21,0.522,0.626,0.61,0.902,0.943,0.882,0.882,0.09,0.441,0.552,0.666,0.575,0.574,0.646,0.629,0.627,0.675,0.629,0.643,0.088,0.154,0.624,0.593,0.635,0.587,0.723,0.699,0.613,0.712,0.732,0.764,0.087,0.09,0.294,0.289,0.309,0.824,0.877,0.865,0.875,0.854,0.919,0.835,0.087,0.089,0.685,0.621,0.674,0.086,0.089,0.087,0.708,0.647,0.089,0.091,0.087,0.099,0.72,0.885,0.724,0.088,0.086,0.087,0.876,0.894,0.087,0.089,0.09,0.242,0.092,0.085,0.086,0.087,0.087,0.088,0.087,0.086,0.092,0.382,0.24
,7:14:16,28.1,0.216,0.251,0.3,0.251,0.089,0.086,0.275,0.39,0.099,0.091,0.094,0.447,0.115,0.201,0.208,0.201,0.5,0.6,0.591,0.911,0.947,0.9,0.89,0.09,0.442,0.57,0.654,0.58,0.574,0.656,0.643,0.633,0.686,0.638,0.649,0.088,0.156,0.634,0.602,0.647,0.574,0.723,0.699,0.63,0.74,0.742,0.774,0.087,0.09,0.283,0.254,0.294,0.835,0.887,0.876,0.886,0.869,0.933,0.846,0.087,0.089,0.693,0.618,0.684,0.086,0.089,0.087,0.713,0.655,0.089,0.091,0.087,0.099,0.709,0.876,0.702,0.088,0.086,0.087,0.879,0.9,0.087,0.09,0.09,0.24,0.093,0.085,0.086,0.087,0.087,0.088,0.087,0.086,0.092,0.382,0.24
,7:29:16,28.1,0.216,0.25,0.301,0.252,0.089,0.086,0.272,0.391,0.099,0.091,0.094,0.447,0.116,0.192,0.203,0.195,0.477,0.581,0.567,0.924,0.96,0.91,0.902,0.09,0.441,0.567,0.659,0.574,0.591,0.675,0.657,0.648,0.697,0.647,0.66,0.088,0.155,0.656,0.61,0.662,0.556,0.725,0.705,0.636,0.745,0.751,0.787,0.087,0.09,0.272,0.235,0.278,0.844,0.898,0.881,0.898,0.881,0.945,0.864,0.087,0.089,0.696,0.612,0.705,0.086,0.089,0.087,0.727,0.67,0.089,0.091,0.087,0.099,0.702,0.862,0.684,0.088,0.086,0.087,0.884,0.914,0.087,0.089,0.09,0.242,0.093,0.085,0.087,0.087,0.087,0.088,0.087,0.086,0.092,0.382,0.239
,7:44:16,28.1,0.216,0.25,0.3,0.252,0.089,0.086,0.275,0.39,0.099,0.091,0.094,0.449,0.116,0.185,0.198,0.195,0.451,0.552,0.546,0.931,0.967,0.919,0.917,0.09,0.441,0.588,0.668,0.565,0.582,0.687,0.672,0.663,0.711,0.66,0.676,0.088,0.155,0.663,0.624,0.679,0.535,0.726,0.703,0.644,0.752,0.79,0.804,0.086,0.09,0.257,0.22,0.258,0.859,0.91,0.887,0.907,0.898,0.958,0.879,0.087,0.089,0.702,0.601,0.702,0.086,0.089,0.087,0.741,0.682,0.089,0.091,0.087,0.098,0.679,0.848,0.66,0.087,0.086,0.086,0.902,0.927,0.087,0.089,0.089,0.241,0.092,0.085,0.086,0.087,0.087,0.088,0.086,0.086,0.092,0.382,0.238
,7:59:16,28.1,0.215,0.25,0.299,0.251,0.089,0.086,0.274,0.39,0.099,0.091,0.094,0.45,0.115,0.18,0.197,0.191,0.435,0.517,0.507,0.939,0.978,0.932,0.923,0.09,0.441,0.584,0.668,0.561,0.603,0.701,0.673,0.666,0.71,0.67,0.679,0.088,0.157,0.664,0.632,0.688,0.52,0.72,0.695,0.658,0.769,0.782,0.811,0.087,0.09,0.237,0.21,0.23,0.867,0.921,0.904,0.913,0.903,0.971,0.882,0.087,0.089,0.695,0.589,0.699,0.086,0.089,0.087,0.743,0.686,0.089,0.091,0.087,0.099,0.663,0.833,0.648,0.087,0.086,0.087,0.905,0.933,0.087,0.09,0.09,0.242,0.092,0.085,0.087,0.087,0.087,0.088,0.087,0.086,0.092,0.382,0.24
,8:14:16,28.1,0.216,0.251,0.3,0.251,0.089,0.086,0.274,0.391,0.099,0.091,0.094,0.45,0.115,0.175,0.19,0.184,0.409,0.491,0.486,0.948,0.99,0.944,0.934,0.09,0.441,0.575,0.671,0.55,0.607,0.712,0.684,0.675,0.733,0.678,0.694,0.088,0.155,0.677,0.638,0.694,0.499,0.719,0.689,0.668,0.78,0.81,0.828,0.087,0.09,0.221,0.203,0.214,0.874,0.932,0.909,0.925,0.912,0.977,0.898,0.087,0.089,0.687,0.573,0.711,0.086,0.089,0.087,0.752,0.693,0.089,0.091,0.087,0.099,0.644,0.814,0.641,0.087,0.086,0.086,0.915,0.942,0.087,0.089,0.09,0.241,0.092,0.085,0.086,0.087,0.087,0.088,0.087,0.086,0.092,0.382,0.24
,8:29:16,28.1,0.216,0.251,0.301,0.252,0.088,0.086,0.276,0.391,0.099,0.091,0.094,0.447,0.115,0.171,0.184,0.178,0.4,0.462,0.454,0.958,0.988,0.945,0.937,0.09,0.441,0.571,0.67,0.527,0.62,0.721,0.693,0.683,0.74,0.688,0.714,0.088,0.155,0.68,0.646,0.703,0.481,0.712,0.678,0.676,0.792,0.813,0.829,0.087,0.09,0.209,0.197,0.206,0.882,0.937,0.922,0.931,0.925,0.988,0.905,0.087,0.089,0.676,0.562,0.693,0.086,0.089,0.087,0.758,0.709,0.089,0.091,0.087,0.098,0.623,0.798,0.622,0.087,0.086,0.086,0.931,0.949,0.087,0.089,0.09,0.242,0.092,0.085,0.086,0.087,0.087,0.088,0.086,0.086,0.092,0.381,0.238
,8:44:16,28.1,0.216,0.251,0.301,0.251,0.089,0.086,0.273,0.39,0.099,0.091,0.094,0.449,0.115,0.167,0.179,0.173,0.384,0.439,0.425,0.958,0.999,0.945,0.946,0.09,0.441,0.559,0.652,0.526,0.623,0.727,0.699,0.69,0.742,0.698,0.72,0.088,0.156,0.685,0.657,0.71,0.47,0.697,0.66,0.695,0.794,0.826,0.832,0.086,0.09,0.2,0.19,0.198,0.887,0.948,0.931,0.938,0.934,0.996,0.907,0.087,0.089,0.66,0.547,0.688,0.086,0.089,0.087,0.767,0.71,0.089,0.091,0.087,0.098,0.601,0.778,0.6,0.087,0.086,0.087,0.933,0.954,0.087,0.089,0.09,0.242,0.093,0.085,0.087,0.087,0.087,0.088,0.087,0.086,0.092,0.382,0.239
,8:59:16,28.1,0.216,0.25,0.301,0.251,0.089,0.086,0.273,0.391,0.099,0.091,0.094,0.446,0.116,0.164,0.175,0.17,0.381,0.418,0.395,0.976,1.007,0.954,0.952,0.09,0.441,0.545,0.652,0.506,0.626,0.738,0.711,0.703,0.763,0.71,0.737,0.088,0.155,0.695,0.664,0.72,0.457,0.697,0.648,0.703,0.809,0.833,0.85,0.087,0.09,0.194,0.185,0.193,0.901,0.958,0.94,0.943,0.939,1.005,0.923,0.087,0.089,0.646,0.533,0.677,0.086,0.089,0.087,0.784,0.721,0.089,0.091,0.087,0.098,0.581,0.756,0.577,0.088,0.086,0.087,0.944,0.967,0.087,0.09,0.09,0.24,0.093,0.085,0.086,0.087,0.087,0.088,0.087,0.086,0.092,0.381,0.239
,9:14:16,28.1,0.216,0.249,0.301,0.251,0.089,0.086,0.273,0.391,0.1,0.091,0.094,0.446,0.116,0.162,0.171,0.168,0.371,0.393,0.369,0.985,1.017,0.962,0.959,0.09,0.44,0.526,0.643,0.5,0.638,0.752,0.721,0.712,0.771,0.722,0.744,0.088,0.154,0.707,0.676,0.733,0.448,0.686,0.641,0.708,0.804,0.861,0.864,0.087,0.09,0.188,0.181,0.187,0.913,0.964,0.952,0.957,0.948,1.012,0.93,0.087,0.089,0.625,0.51,0.67,0.086,0.089,0.087,0.799,0.729,0.089,0.091,0.087,0.098,0.564,0.732,0.571,0.087,0.086,0.087,0.951,0.975,0.087,0.089,0.09,0.24,0.093,0.085,0.086,0.087,0.087,0.088,0.087,0.086,0.092,0.379,0.24
,9:29:16,28.1,0.215,0.249,0.301,0.251,0.089,0.086,0.273,0.391,0.099,0.091,0.094,0.445,0.116,0.161,0.169,0.166,0.377,0.365,0.332,0.981,1.017,0.963,0.962,0.09,0.44,0.524,0.615,0.485,0.647,0.761,0.719,0.718,0.775,0.723,0.753,0.088,0.155,0.701,0.679,0.738,0.452,0.665,0.62,0.719,0.817,0.859,0.861,0.086,0.09,0.183,0.179,0.181,0.912,0.973,0.959,0.961,0.954,1.015,0.933,0.087,0.089,0.611,0.502,0.66,0.086,0.089,0.087,0.791,0.736,0.089,0.091,0.087,0.098,0.543,0.712,0.562,0.088,0.086,0.087,0.951,0.974,0.087,0.09,0.09,0.24,0.093,0.085,0.086,0.087,0.087,0.088,0.087,0.086,0.092,0.379,0.239
,9:44:16,28.1,0.215,0.249,0.299,0.253,0.089,0.086,0.274,0.39,0.099,0.091,0.094,0.447,0.116,0.159,0.168,0.165,0.371,0.346,0.319,1,1.031,0.977,0.973,0.09,0.441,0.505,0.619,0.477,0.66,0.769,0.73,0.728,0.793,0.745,0.766,0.088,0.155,0.717,0.687,0.747,0.441,0.655,0.609,0.727,0.825,0.877,0.873,0.086,0.09,0.177,0.176,0.178,0.923,0.984,0.97,0.971,0.969,1.033,0.944,0.087,0.089,0.599,0.488,0.643,0.086,0.089,0.087,0.817,0.746,0.089,0.091,0.087,0.098,0.54,0.688,0.541,0.087,0.086,0.087,0.963,0.982,0.087,0.09,0.089,0.243,0.092,0.085,0.086,0.087,0.087,0.088,0.086,0.086,0.092,0.382,0.238
,9:59:16,28.1,0.215,0.249,0.3,0.252,0.089,0.086,0.273,0.39,0.099,0.091,0.094,0.446,0.116,0.158,0.167,0.164,0.373,0.335,0.308,1.008,1.027,0.974,0.974,0.09,0.44,0.494,0.606,0.482,0.662,0.779,0.739,0.734,0.798,0.748,0.777,0.088,0.155,0.729,0.694,0.753,0.449,0.636,0.593,0.733,0.845,0.888,0.881,0.086,0.09,0.173,0.174,0.175,0.926,0.986,0.974,0.967,0.963,1.032,0.949,0.087,0.089,0.57,0.474,0.645,0.086,0.089,0.087,0.828,0.75,0.089,0.091,0.087,0.098,0.549,0.671,0.535,0.087,0.086,0.087,0.965,0.99,0.087,0.09,0.09,0.242,0.093,0.085,0.086,0.087,0.087,0.088,0.086,0.086,0.092,0.381,0.239
,10:14:16,28.1,0.216,0.251,0.3,0.25,0.089,0.086,0.272,0.39,0.098,0.091,0.094,0.447,0.116,0.157,0.167,0.164,0.377,0.322,0.304,1.009,1.036,0.983,0.983,0.09,0.441,0.492,0.577,0.458,0.671,0.785,0.742,0.741,0.804,0.752,0.783,0.088,0.155,0.722,0.704,0.76,0.448,0.618,0.575,0.741,0.849,0.876,0.887,0.087,0.09,0.169,0.172,0.174,0.931,0.991,0.978,0.97,0.966,1.037,0.954,0.087,0.089,0.553,0.473,0.638,0.086,0.089,0.087,0.824,0.759,0.089,0.091,0.087,0.098,0.507,0.659,0.531,0.088,0.086,0.086,0.97,0.991,0.087,0.09,0.09,0.241,0.093,0.085,0.086,0.087,0.087,0.088,0.086,0.086,0.092,0.381,0.24
,10:29:16,28.1,0.216,0.251,0.3,0.25,0.089,0.086,0.273,0.391,0.098,0.091,0.094,0.446,0.116,0.156,0.166,0.163,0.384,0.32,0.301,1.022,1.048,0.984,0.991,0.09,0.44,0.473,0.568,0.465,0.673,0.786,0.752,0.747,0.809,0.766,0.789,0.088,0.156,0.737,0.712,0.761,0.457,0.61,0.56,0.748,0.853,0.894,0.893,0.087,0.09,0.166,0.171,0.173,0.937,0.996,0.986,0.972,0.973,1.041,0.956,0.087,0.089,0.537,0.462,0.615,0.086,0.089,0.087,0.837,0.762,0.089,0.091,0.087,0.098,0.512,0.637,0.532,0.087,0.086,0.087,0.973,0.992,0.087,0.089,0.09,0.243,0.092,0.085,0.086,0.087,0.087,0.088,0.086,0.086,0.092,0.381,0.24
,10:44:16,28.1,0.216,0.251,0.301,0.251,0.089,0.086,0.275,0.39,0.099,0.091,0.094,0.446,0.115,0.155,0.165,0.162,0.377,0.319,0.303,1.03,1.053,0.998,0.995,0.09,0.44,0.475,0.566,0.463,0.684,0.801,0.769,0.758,0.825,0.772,0.807,0.088,0.155,0.753,0.718,0.775,0.458,0.61,0.552,0.752,0.852,0.911,0.902,0.087,0.09,0.165,0.169,0.171,0.944,1.008,0.992,0.985,0.981,1.047,0.963,0.087,0.089,0.516,0.466,0.605,0.086,0.089,0.087,0.852,0.768,0.089,0.091,0.087,0.098,0.526,0.617,0.531,0.087,0.086,0.087,0.981,1.001,0.087,0.09,0.09,0.242,0.092,0.085,0.086,0.087,0.087,0.088,0.087,0.086,0.092,0.381,0.239
,10:59:16,28.1,0.215,0.25,0.3,0.251,0.089,0.086,0.273,0.39,0.099,0.091,0.094,0.445,0.116,0.154,0.165,0.161,0.378,0.318,0.303,1.035,1.056,0.996,0.999,0.09,0.44,0.467,0.552,0.463,0.691,0.806,0.771,0.763,0.828,0.775,0.814,0.088,0.155,0.759,0.722,0.775,0.458,0.596,0.539,0.761,0.858,0.916,0.901,0.087,0.09,0.163,0.169,0.173,0.949,1.012,0.997,0.987,0.989,1.052,0.968,0.087,0.089,0.5,0.469,0.595,0.086,0.089,0.087,0.854,0.779,0.089,0.091,0.087,0.098,0.525,0.604,0.527,0.087,0.086,0.087,0.986,1.003,0.087,0.09,0.09,0.241,0.093,0.085,0.087,0.087,0.087,0.088,0.086,0.086,0.092,0.38,0.239
,11:14:16,28.1,0.216,0.251,0.3,0.249,0.089,0.086,0.272,0.39,0.098,0.091,0.094,0.446,0.115,0.154,0.164,0.161,0.379,0.312,0.304,1.037,1.06,0.997,1,0.09,0.441,0.457,0.533,0.465,0.692,0.8,0.773,0.764,0.826,0.789,0.812,0.088,0.156,0.757,0.73,0.772,0.467,0.592,0.529,0.768,0.874,0.915,0.912,0.087,0.09,0.162,0.167,0.171,0.953,1.016,1.001,0.99,0.986,1.055,0.969,0.087,0.089,0.494,0.468,0.581,0.086,0.089,0.087,0.848,0.779,0.089,0.091,0.087,0.098,0.517,0.609,0.531,0.088,0.086,0.087,0.987,1.004,0.087,0.09,0.09,0.24,0.093,0.085,0.087,0.087,0.087,0.088,0.087,0.086,0.092,0.381,0.24
,11:29:16,28.1,0.216,0.25,0.3,0.251,0.089,0.086,0.272,0.39,0.099,0.091,0.094,0.444,0.115,0.153,0.164,0.161,0.377,0.321,0.307,1.046,1.06,1.01,1.008,0.09,0.44,0.464,0.542,0.472,0.702,0.829,0.79,0.775,0.844,0.791,0.827,0.088,0.155,0.774,0.736,0.789,0.467,0.585,0.532,0.77,0.871,0.934,0.923,0.086,0.09,0.162,0.167,0.17,0.963,1.024,1.006,0.995,0.997,1.062,0.979,0.087,0.089,0.503,0.459,0.582,0.086,0.088,0.087,0.863,0.794,0.089,0.091,0.087,0.098,0.514,0.589,0.526,0.087,0.086,0.086,0.993,1.014,0.087,0.09,0.09,0.242,0.092,0.085,0.086,0.087,0.087,0.088,0.086,0.086,0.092,0.381,0.238
,11:44:16,28.1,0.215,0.25,0.299,0.25,0.089,0.086,0.274,0.389,0.099,0.091,0.094,0.449,0.114,0.153,0.163,0.161,0.382,0.314,0.319,1.044,1.073,1.005,1.012,0.09,0.44,0.458,0.53,0.474,0.703,0.816,0.788,0.776,0.841,0.8,0.821,0.088,0.157,0.768,0.742,0.784,0.474,0.588,0.522,0.781,0.885,0.924,0.919,0.087,0.09,0.161,0.167,0.17,0.963,1.026,1.008,0.997,0.995,1.064,0.978,0.087,0.089,0.492,0.469,0.568,0.086,0.089,0.087,0.858,0.792,0.089,0.091,0.087,0.098,0.524,0.597,0.529,0.087,0.086,0.087,0.996,1.01,0.087,0.09,0.09,0.241,0.092,0.085,0.086,0.087,0.087,0.088,0.087,0.086,0.092,0.381,0.24
,11:59:16,28.1,0.215,0.25,0.299,0.251,0.089,0.086,0.273,0.389,0.099,0.091,0.094,0.447,0.115,0.152,0.163,0.16,0.377,0.325,0.323,1.051,1.078,1.014,1.024,0.09,0.44,0.457,0.532,0.482,0.703,0.83,0.799,0.79,0.855,0.813,0.83,0.088,0.156,0.787,0.748,0.794,0.474,0.578,0.527,0.786,0.886,0.941,0.934,0.087,0.09,0.16,0.166,0.17,0.975,1.03,1.013,1.004,1,1.07,0.985,0.087,0.089,0.501,0.47,0.568,0.086,0.089,0.087,0.858,0.804,0.089,0.091,0.087,0.098,0.527,0.588,0.525,0.087,0.086,0.086,1.001,1.017,0.087,0.09,0.09,0.241,0.092,0.085,0.086,0.087,0.087,0.088,0.086,0.086,0.092,0.38,0.24
,12:14:16,28.1,0.216,0.249,0.3,0.251,0.089,0.086,0.274,0.389,0.099,0.091,0.094,0.445,0.115,0.151,0.163,0.16,0.38,0.319,0.315,1.057,1.077,1.022,1.022,0.09,0.44,0.461,0.531,0.475,0.718,0.835,0.806,0.791,0.857,0.811,0.836,0.088,0.156,0.783,0.748,0.802,0.479,0.584,0.526,0.788,0.886,0.945,0.94,0.087,0.09,0.16,0.166,0.17,0.975,1.034,1.013,1.011,1.007,1.076,0.988,0.087,0.089,0.505,0.478,0.559,0.086,0.089,0.087,0.874,0.808,0.089,0.091,0.087,0.098,0.533,0.58,0.536,0.087,0.086,0.086,1.001,1.02,0.087,0.09,0.09,0.241,0.092,0.085,0.086,0.087,0.087,0.088,0.087,0.086,0.092,0.38,0.239
,12:29:16,28.1,0.215,0.25,0.299,0.25,0.089,0.086,0.273,0.389,0.098,0.091,0.094,0.445,0.115,0.151,0.162,0.159,0.383,0.317,0.312,1.056,1.08,1.016,1.026,0.09,0.44,0.457,0.529,0.486,0.721,0.831,0.813,0.791,0.857,0.822,0.833,0.088,0.156,0.791,0.761,0.798,0.486,0.585,0.532,0.795,0.899,0.945,0.937,0.086,0.09,0.159,0.166,0.169,0.98,1.037,1.022,1.009,1.007,1.077,0.992,0.087,0.089,0.511,0.475,0.561,0.086,0.089,0.087,0.871,0.81,0.089,0.091,0.087,0.098,0.531,0.586,0.525,0.087,0.086,0.086,1.005,1.02,0.087,0.09,0.09,0.241,0.093,0.085,0.086,0.087,0.087,0.088,0.086,0.086,0.092,0.38,0.24
,12:44:16,28.1,0.214,0.248,0.299,0.252,0.089,0.086,0.275,0.389,0.099,0.091,0.094,0.445,0.115,0.15,0.162,0.16,0.383,0.321,0.321,1.066,1.089,1.032,1.038,0.09,0.44,0.455,0.534,0.485,0.727,0.849,0.823,0.8,0.864,0.829,0.846,0.088,0.156,0.8,0.762,0.811,0.489,0.581,0.531,0.801,0.898,0.948,0.944,0.087,0.09,0.159,0.165,0.169,0.984,1.046,1.029,1.023,1.014,1.084,0.993,0.087,0.089,0.516,0.484,0.56,0.086,0.089,0.087,0.876,0.819,0.089,0.091,0.087,0.098,0.536,0.58,0.532,0.087,0.086,0.087,1.009,1.03,0.087,0.09,0.09,0.242,0.092,0.085,0.086,0.087,0.087,0.088,0.087,0.086,0.092,0.38,0.24
,12:59:16,28.1,0.215,0.249,0.3,0.251,0.089,0.086,0.273,0.389,0.099,0.091,0.094,0.445,0.115,0.15,0.162,0.16,0.381,0.318,0.318,1.07,1.093,1.031,1.037,0.09,0.44,0.459,0.53,0.48,0.737,0.852,0.829,0.804,0.867,0.834,0.848,0.088,0.156,0.805,0.765,0.816,0.493,0.584,0.533,0.809,0.907,0.958,0.943,0.087,0.09,0.159,0.165,0.17,0.989,1.049,1.036,1.026,1.015,1.091,0.997,0.087,0.089,0.522,0.493,0.564,0.086,0.089,0.087,0.885,0.826,0.089,0.091,0.087,0.098,0.539,0.579,0.537,0.088,0.086,0.087,1.012,1.035,0.087,0.09,0.09,0.24,0.093,0.085,0.086,0.087,0.087,0.088,0.087,0.086,0.092,0.379,0.239
,13:14:16,28.1,0.214,0.249,0.298,0.251,0.089,0.086,0.274,0.388,0.099,0.091,0.094,0.448,0.114,0.149,0.162,0.16,0.381,0.312,0.316,1.064,1.096,1.033,1.04,0.09,0.44,0.457,0.532,0.493,0.735,0.845,0.828,0.802,0.869,0.836,0.846,0.088,0.157,0.811,0.774,0.812,0.494,0.585,0.542,0.807,0.919,0.952,0.942,0.087,0.09,0.158,0.165,0.17,0.992,1.055,1.036,1.024,1.02,1.092,1,0.087,0.089,0.534,0.485,0.563,0.086,0.089,0.087,0.885,0.825,0.089,0.091,0.087,0.098,0.535,0.585,0.528,0.088,0.086,0.087,1.016,1.034,0.087,0.09,0.09,0.241,0.092,0.085,0.086,0.087,0.087,0.088,0.087,0.086,0.092,0.38,0.24
,13:29:16,28.1,0.214,0.249,0.298,0.251,0.089,0.086,0.273,0.389,0.099,0.091,0.094,0.446,0.115,0.149,0.161,0.16,0.383,0.314,0.316,1.069,1.099,1.039,1.045,0.09,0.44,0.46,0.546,0.496,0.74,0.849,0.832,0.806,0.873,0.837,0.846,0.088,0.157,0.811,0.777,0.813,0.497,0.589,0.544,0.81,0.928,0.959,0.951,0.087,0.09,0.158,0.164,0.169,0.998,1.056,1.037,1.028,1.024,1.094,1.003,0.087,0.089,0.536,0.487,0.566,0.086,0.089,0.087,0.886,0.829,0.089,0.091,0.087,0.098,0.535,0.585,0.532,0.087,0.086,0.086,1.019,1.038,0.087,0.09,0.09,0.241,0.092,0.085,0.086,0.087,0.087,0.088,0.087,0.086,0.092,0.38,0.24
,13:44:16,28.1,0.214,0.248,0.298,0.253,0.089,0.086,0.274,0.388,0.099,0.091,0.094,0.445,0.115,0.148,0.161,0.16,0.378,0.324,0.319,1.081,1.1,1.05,1.052,0.09,0.44,0.467,0.553,0.499,0.75,0.867,0.847,0.817,0.888,0.853,0.858,0.088,0.156,0.829,0.781,0.825,0.498,0.6,0.549,0.818,0.933,0.978,0.969,0.087,0.09,0.158,0.164,0.17,1.004,1.065,1.046,1.037,1.032,1.102,1.009,0.087,0.089,0.535,0.494,0.574,0.086,0.089,0.087,0.896,0.838,0.089,0.091,0.087,0.098,0.538,0.584,0.535,0.088,0.086,0.087,1.024,1.046,0.087,0.09,0.09,0.24,0.093,0.085,0.087,0.087,0.087,0.088,0.087,0.086,0.092,0.379,0.239
,13:59:16,28.1,0.216,0.25,0.299,0.25,0.089,0.086,0.272,0.389,0.098,0.091,0.094,0.446,0.115,0.148,0.162,0.16,0.383,0.317,0.316,1.076,1.108,1.046,1.053,0.09,0.44,0.464,0.539,0.502,0.752,0.861,0.839,0.812,0.887,0.851,0.854,0.088,0.157,0.82,0.786,0.825,0.497,0.598,0.553,0.822,0.935,0.972,0.959,0.087,0.09,0.158,0.165,0.171,1.005,1.069,1.047,1.041,1.032,1.102,1.014,0.087,0.089,0.545,0.493,0.572,0.086,0.089,0.087,0.898,0.84,0.089,0.091,0.087,0.098,0.538,0.579,0.53,0.088,0.086,0.087,1.027,1.046,0.087,0.09,0.09,0.239,0.093,0.085,0.086,0.087,0.087,0.088,0.087,0.086,0.092,0.38,0.241
,14:14:16,28.1,0.214,0.248,0.298,0.252,0.089,0.086,0.275,0.389,0.099,0.091,0.094,0.445,0.115,0.148,0.161,0.16,0.382,0.317,0.314,1.082,1.115,1.05,1.062,0.09,0.44,0.471,0.551,0.505,0.757,0.869,0.855,0.817,0.89,0.862,0.864,0.088,0.156,0.825,0.79,0.833,0.502,0.6,0.552,0.825,0.932,0.974,0.962,0.087,0.09,0.158,0.164,0.171,1.008,1.069,1.047,1.042,1.039,1.105,1.016,0.087,0.089,0.539,0.499,0.574,0.086,0.089,0.087,0.9,0.842,0.089,0.091,0.087,0.098,0.538,0.585,0.534,0.088,0.086,0.086,1.03,1.053,0.087,0.09,0.09,0.24,0.093,0.085,0.086,0.087,0.087,0.088,0.087,0.086,0.092,0.379,0.241
,14:29:16,28.1,0.215,0.249,0.298,0.25,0.089,0.086,0.274,0.39,0.098,0.091,0.094,0.446,0.115,0.148,0.162,0.16,0.386,0.314,0.313,1.087,1.119,1.056,1.065,0.09,0.44,0.475,0.543,0.496,0.757,0.873,0.854,0.824,0.888,0.867,0.865,0.088,0.155,0.825,0.791,0.831,0.508,0.595,0.558,0.829,0.932,0.973,0.974,0.087,0.09,0.158,0.164,0.17,1.011,1.072,1.058,1.045,1.044,1.109,1.017,0.087,0.089,0.542,0.498,0.575,0.086,0.089,0.087,0.9,0.843,0.089,0.091,0.087,0.098,0.533,0.59,0.537,0.088,0.086,0.086,1.031,1.05,0.087,0.09,0.09,0.241,0.092,0.085,0.086,0.087,0.087,0.088,0.087,0.086,0.092,0.38,0.241
,14:44:16,28.1,0.215,0.248,0.298,0.251,0.089,0.086,0.274,0.388,0.099,0.091,0.094,0.447,0.115,0.148,0.163,0.161,0.381,0.319,0.314,1.082,1.109,1.068,1.065,0.09,0.44,0.477,0.541,0.494,0.773,0.883,0.871,0.826,0.899,0.869,0.872,0.088,0.156,0.842,0.794,0.839,0.51,0.598,0.56,0.832,0.939,0.985,0.977,0.087,0.09,0.158,0.164,0.17,1.015,1.077,1.059,1.053,1.047,1.114,1.018,0.087,0.089,0.544,0.495,0.579,0.086,0.089,0.087,0.906,0.849,0.089,0.091,0.087,0.098,0.538,0.583,0.538,0.087,0.086,0.086,1.036,1.058,0.087,0.09,0.09,0.24,0.092,0.085,0.086,0.087,0.087,0.088,0.087,0.086,0.092,0.379,0.24
,14:59:16,28.1,0.215,0.248,0.298,0.251,0.089,0.086,0.273,0.388,0.099,0.091,0.094,0.446,0.114,0.148,0.163,0.161,0.38,0.314,0.313,1.097,1.115,1.074,1.071,0.09,0.44,0.474,0.551,0.506,0.775,0.88,0.871,0.828,0.904,0.879,0.878,0.088,0.156,0.843,0.804,0.841,0.502,0.606,0.559,0.845,0.944,0.997,0.979,0.087,0.09,0.159,0.164,0.17,1.021,1.085,1.067,1.06,1.051,1.121,1.027,0.087,0.089,0.554,0.499,0.581,0.086,0.089,0.087,0.913,0.858,0.089,0.091,0.087,0.098,0.539,0.581,0.534,0.087,0.086,0.087,1.042,1.061,0.087,0.09,0.09,0.24,0.093,0.085,0.086,0.087,0.087,0.088,0.087,0.086,0.092,0.379,0.24
,15:14:16,28.1,0.213,0.248,0.297,0.251,0.089,0.086,0.272,0.388,0.098,0.091,0.094,0.447,0.115,0.149,0.164,0.162,0.383,0.307,0.308,1.087,1.12,1.069,1.074,0.09,0.44,0.472,0.54,0.495,0.769,0.872,0.863,0.829,0.901,0.875,0.867,0.088,0.157,0.832,0.807,0.841,0.501,0.6,0.558,0.836,0.957,0.985,0.982,0.087,0.09,0.159,0.164,0.169,1.021,1.085,1.066,1.05,1.051,1.124,1.022,0.087,0.089,0.552,0.489,0.59,0.086,0.089,0.087,0.915,0.86,0.089,0.091,0.087,0.098,0.534,0.585,0.539,0.087,0.086,0.086,1.039,1.054,0.087,0.09,0.09,0.24,0.093,0.085,0.086,0.087,0.087,0.088,0.086,0.086,0.092,0.379,0.24
,15:29:16,28.1,0.213,0.247,0.297,0.253,0.089,0.086,0.274,0.388,0.099,0.091,0.094,0.445,0.115,0.149,0.164,0.162,0.381,0.319,0.316,1.099,1.122,1.079,1.082,0.09,0.44,0.484,0.547,0.491,0.776,0.9,0.882,0.833,0.905,0.887,0.88,0.088,0.157,0.853,0.809,0.851,0.507,0.601,0.564,0.845,0.952,0.992,0.989,0.087,0.09,0.159,0.165,0.169,1.028,1.088,1.067,1.059,1.058,1.129,1.028,0.087,0.089,0.549,0.493,0.589,0.086,0.089,0.087,0.919,0.858,0.089,0.091,0.087,0.098,0.535,0.586,0.54,0.087,0.086,0.087,1.045,1.065,0.087,0.09,0.089,0.241,0.093,0.085,0.086,0.087,0.087,0.088,0.086,0.086,0.092,0.379,0.239
,15:44:16,28.1,0.215,0.249,0.299,0.251,0.089,0.086,0.274,0.388,0.099,0.091,0.095,0.45,0.114,0.15,0.165,0.163,0.385,0.313,0.317,1.1,1.126,1.078,1.08,0.09,0.44,0.477,0.542,0.499,0.782,0.89,0.874,0.836,0.906,0.889,0.876,0.088,0.156,0.841,0.816,0.846,0.496,0.604,0.56,0.847,0.965,0.993,0.989,0.087,0.09,0.159,0.165,0.17,1.03,1.091,1.07,1.063,1.059,1.13,1.036,0.087,0.089,0.541,0.495,0.582,0.086,0.089,0.087,0.921,0.86,0.089,0.091,0.087,0.098,0.532,0.593,0.53,0.088,0.086,0.087,1.047,1.064,0.087,0.09,0.09,0.24,0.093,0.085,0.086,0.087,0.087,0.088,0.087,0.086,0.092,0.378,0.241
,15:59:16,28.1,0.214,0.249,0.297,0.25,0.089,0.086,0.271,0.389,0.098,0.091,0.094,0.445,0.114,0.15,0.166,0.164,0.384,0.315,0.32,1.099,1.13,1.081,1.085,0.089,0.44,0.476,0.551,0.511,0.777,0.891,0.873,0.834,0.909,0.888,0.875,0.088,0.157,0.849,0.817,0.849,0.494,0.594,0.557,0.848,0.969,0.999,1.002,0.086,0.09,0.159,0.166,0.17,1.038,1.091,1.071,1.064,1.062,1.134,1.036,0.087,0.089,0.548,0.485,0.586,0.086,0.089,0.087,0.921,0.867,0.089,0.091,0.087,0.098,0.532,0.597,0.529,0.087,0.086,0.086,1.046,1.065,0.087,0.09,0.09,0.24,0.092,0.085,0.086,0.087,0.087,0.088,0.087,0.086,0.092,0.379,0.24
,16:14:16,28.1,0.214,0.248,0.297,0.252,0.089,0.086,0.273,0.388,0.098,0.091,0.094,0.444,0.114,0.151,0.167,0.166,0.38,0.318,0.315,1.104,1.133,1.088,1.09,0.089,0.44,0.481,0.55,0.521,0.79,0.904,0.889,0.84,0.92,0.898,0.89,0.088,0.157,0.859,0.82,0.86,0.489,0.6,0.554,0.858,0.969,1.014,1.008,0.086,0.09,0.16,0.167,0.171,1.043,1.097,1.076,1.072,1.067,1.14,1.04,0.087,0.089,0.551,0.491,0.589,0.086,0.088,0.087,0.927,0.866,0.089,0.091,0.087,0.098,0.535,0.587,0.528,0.087,0.086,0.086,1.05,1.069,0.087,0.09,0.089,0.239,0.092,0.085,0.086,0.087,0.087,0.088,0.086,0.086,0.092,0.377,0.24
,16:29:16,28.1,0.212,0.246,0.296,0.253,0.089,0.086,0.276,0.387,0.099,0.091,0.094,0.445,0.114,0.152,0.168,0.168,0.38,0.315,0.315,1.105,1.137,1.091,1.091,0.09,0.44,0.485,0.543,0.523,0.793,0.907,0.886,0.845,0.918,0.904,0.894,0.088,0.157,0.857,0.824,0.859,0.482,0.588,0.551,0.856,0.971,0.999,1.008,0.087,0.09,0.161,0.168,0.173,1.047,1.099,1.082,1.074,1.07,1.142,1.045,0.087,0.089,0.555,0.49,0.582,0.086,0.089,0.087,0.93,0.874,0.089,0.091,0.087,0.098,0.533,0.585,0.52,0.087,0.086,0.087,1.052,1.073,0.087,0.09,0.09,0.241,0.093,0.085,0.086,0.087,0.087,0.088,0.087,0.086,0.092,0.379,0.24
,16:44:16,28.1,0.214,0.248,0.298,0.251,0.089,0.086,0.275,0.388,0.099,0.091,0.094,0.445,0.114,0.153,0.169,0.169,0.384,0.319,0.317,1.114,1.138,1.095,1.092,0.089,0.44,0.476,0.537,0.514,0.799,0.912,0.889,0.843,0.92,0.906,0.895,0.088,0.156,0.861,0.829,0.86,0.471,0.586,0.545,0.865,0.984,1.011,1.01,0.087,0.09,0.162,0.17,0.174,1.046,1.105,1.087,1.08,1.072,1.147,1.049,0.087,0.089,0.55,0.488,0.584,0.086,0.089,0.087,0.933,0.881,0.089,0.091,0.087,0.098,0.534,0.589,0.52,0.087,0.086,0.086,1.054,1.07,0.087,0.09,0.09,0.24,0.093,0.085,0.086,0.087,0.087,0.088,0.086,0.086,0.092,0.378,0.24
,16:59:16,28.1,0.214,0.247,0.297,0.252,0.089,0.086,0.274,0.389,0.099,0.091,0.094,0.445,0.114,0.155,0.171,0.172,0.382,0.316,0.315,1.113,1.142,1.09,1.091,0.09,0.439,0.477,0.541,0.51,0.802,0.903,0.892,0.846,0.923,0.905,0.891,0.088,0.157,0.855,0.833,0.864,0.467,0.579,0.542,0.865,0.99,1.014,1.011,0.086,0.09,0.163,0.171,0.176,1.053,1.107,1.087,1.077,1.073,1.145,1.051,0.087,0.089,0.556,0.486,0.579,0.086,0.089,0.087,0.934,0.876,0.089,0.091,0.087,0.098,0.533,0.588,0.519,0.088,0.086,0.087,1.052,1.073,0.087,0.09,0.09,0.241,0.093,0.085,0.087,0.087,0.087,0.088,0.086,0.086,0.092,0.379,0.241
,17:14:16,28.1,0.213,0.248,0.296,0.252,0.089,0.086,0.274,0.387,0.099,0.091,0.094,0.446,0.114,0.157,0.174,0.175,0.38,0.315,0.314,1.118,1.136,1.098,1.1,0.09,0.44,0.475,0.534,0.504,0.808,0.916,0.898,0.857,0.93,0.911,0.905,0.088,0.156,0.871,0.839,0.872,0.457,0.571,0.533,0.868,0.994,1.024,1.017,0.087,0.09,0.165,0.172,0.177,1.057,1.11,1.093,1.081,1.08,1.156,1.053,0.087,0.089,0.558,0.496,0.594,0.086,0.089,0.087,0.943,0.878,0.089,0.091,0.087,0.098,0.537,0.581,0.514,0.087,0.086,0.086,1.058,1.079,0.087,0.09,0.09,0.239,0.093,0.085,0.086,0.087,0.087,0.088,0.087,0.086,0.092,0.379,0.24
,17:29:16,28.1,0.215,0.249,0.297,0.25,0.089,0.086,0.273,0.389,0.099,0.091,0.094,0.447,0.114,0.16,0.177,0.178,0.381,0.309,0.313,1.12,1.144,1.098,1.095,0.09,0.44,0.47,0.53,0.496,0.806,0.913,0.897,0.852,0.931,0.913,0.897,0.088,0.156,0.863,0.842,0.869,0.453,0.564,0.533,0.869,0.994,1.021,1.02,0.087,0.09,0.166,0.174,0.18,1.059,1.111,1.094,1.083,1.079,1.154,1.056,0.087,0.089,0.55,0.491,0.584,0.086,0.089,0.087,0.942,0.881,0.089,0.091,0.087,0.098,0.531,0.581,0.513,0.088,0.086,0.087,1.06,1.078,0.087,0.09,0.09,0.24,0.093,0.085,0.087,0.087,0.087,0.088,0.086,0.086,0.092,0.379,0.241
,17:44:16,28.1,0.214,0.248,0.299,0.251,0.089,0.086,0.274,0.388,0.099,0.091,0.094,0.444,0.114,0.163,0.183,0.182,0.379,0.317,0.317,1.119,1.148,1.103,1.102,0.09,0.439,0.471,0.525,0.492,0.814,0.922,0.903,0.856,0.933,0.915,0.906,0.088,0.156,0.88,0.841,0.877,0.448,0.556,0.526,0.873,0.993,1.03,1.024,0.087,0.09,0.169,0.176,0.182,1.063,1.116,1.1,1.087,1.084,1.159,1.058,0.087,0.089,0.558,0.497,0.587,0.086,0.089,0.087,0.946,0.886,0.089,0.091,0.087,0.098,0.534,0.576,0.504,0.088,0.086,0.087,1.058,1.084,0.087,0.09,0.09,0.239,0.093,0.085,0.086,0.087,0.087,0.088,0.087,0.086,0.092,0.378,0.239
,17:59:16,28.1,0.214,0.248,0.297,0.252,0.089,0.086,0.273,0.387,0.099,0.091,0.094,0.444,0.114,0.169,0.186,0.184,0.377,0.31,0.31,1.12,1.147,1.102,1.098,0.09,0.44,0.463,0.519,0.488,0.817,0.915,0.899,0.863,0.939,0.92,0.906,0.088,0.157,0.875,0.848,0.877,0.448,0.554,0.515,0.883,0.995,1.03,1.031,0.086,0.09,0.172,0.179,0.186,1.065,1.116,1.1,1.09,1.086,1.159,1.059,0.087,0.089,0.556,0.49,0.589,0.086,0.089,0.087,0.945,0.884,0.089,0.091,0.087,0.098,0.535,0.573,0.501,0.088,0.086,0.086,1.062,1.085,0.087,0.09,0.09,0.239,0.093,0.085,0.086,0.087,0.087,0.088,0.086,0.086,0.092,0.379,0.24
,18:14:16,28.1,0.214,0.247,0.297,0.252,0.089,0.086,0.273,0.387,0.099,0.091,0.094,0.446,0.114,0.173,0.191,0.187,0.379,0.32,0.311,1.125,1.156,1.105,1.107,0.09,0.439,0.458,0.513,0.49,0.832,0.924,0.906,0.858,0.938,0.924,0.907,0.088,0.157,0.876,0.846,0.88,0.444,0.551,0.513,0.881,1.004,1.03,1.034,0.086,0.09,0.175,0.183,0.191,1.069,1.124,1.107,1.093,1.089,1.169,1.066,0.087,0.089,0.551,0.485,0.578,0.086,0.089,0.087,0.953,0.889,0.089,0.091,0.087,0.098,0.533,0.572,0.498,0.087,0.086,0.086,1.068,1.086,0.087,0.09,0.09,0.24,0.092,0.085,0.086,0.087,0.087,0.088,0.086,0.086,0.092,0.378,0.24
,18:29:16,28.1,0.214,0.248,0.297,0.251,0.089,0.086,0.275,0.388,0.099,0.091,0.094,0.445,0.114,0.18,0.196,0.19,0.375,0.313,0.311,1.125,1.155,1.106,1.101,0.09,0.439,0.453,0.507,0.48,0.822,0.925,0.903,0.863,0.944,0.925,0.911,0.088,0.157,0.875,0.853,0.882,0.444,0.546,0.509,0.884,1.006,1.035,1.031,0.086,0.09,0.178,0.188,0.197,1.072,1.122,1.106,1.098,1.089,1.169,1.069,0.087,0.089,0.564,0.484,0.577,0.086,0.089,0.087,0.951,0.891,0.089,0.091,0.087,0.098,0.531,0.571,0.496,0.087,0.086,0.086,1.065,1.085,0.087,0.09,0.09,0.241,0.093,0.085,0.086,0.087,0.087,0.088,0.087,0.086,0.092,0.379,0.24
,18:44:16,28.1,0.213,0.247,0.297,0.251,0.089,0.086,0.274,0.388,0.099,0.091,0.094,0.444,0.114,0.186,0.203,0.197,0.373,0.308,0.309,1.125,1.16,1.105,1.106,0.09,0.439,0.451,0.502,0.472,0.83,0.923,0.904,0.866,0.943,0.925,0.904,0.088,0.157,0.871,0.858,0.881,0.443,0.549,0.504,0.885,1.007,1.031,1.036,0.087,0.09,0.183,0.19,0.201,1.074,1.124,1.109,1.092,1.091,1.167,1.067,0.087,0.088,0.563,0.481,0.571,0.086,0.089,0.087,0.95,0.893,0.089,0.091,0.087,0.098,0.529,0.567,0.491,0.087,0.086,0.086,1.067,1.09,0.087,0.09,0.089,0.241,0.093,0.085,0.086,0.087,0.087,0.088,0.087,0.086,0.092,0.38,0.239
,18:59:16,28.1,0.214,0.248,0.297,0.251,0.089,0.086,0.275,0.388,0.099,0.091,0.094,0.448,0.113,0.19,0.212,0.204,0.371,0.311,0.312,1.129,1.159,1.111,1.112,0.09,0.439,0.447,0.499,0.466,0.825,0.924,0.907,0.87,0.947,0.93,0.904,0.088,0.157,0.879,0.86,0.883,0.444,0.549,0.5,0.885,1.013,1.037,1.043,0.087,0.09,0.189,0.197,0.207,1.076,1.129,1.113,1.094,1.098,1.172,1.072,0.087,0.089,0.561,0.475,0.575,0.086,0.089,0.087,0.957,0.895,0.089,0.091,0.087,0.098,0.528,0.564,0.489,0.087,0.086,0.087,1.069,1.092,0.087,0.09,0.09,0.24,0.093,0.085,0.086,0.087,0.087,0.088,0.086,0.086,0.092,0.378,0.24
,19:14:16,28.1,0.215,0.248,0.298,0.251,0.089,0.086,0.273,0.388,0.099,0.091,0.094,0.444,0.114,0.2,0.226,0.213,0.366,0.31,0.306,1.133,1.156,1.114,1.118,0.09,0.439,0.436,0.497,0.463,0.836,0.934,0.911,0.87,0.955,0.937,0.921,0.088,0.157,0.882,0.861,0.892,0.445,0.553,0.497,0.894,1.015,1.045,1.047,0.087,0.09,0.193,0.205,0.215,1.082,1.132,1.111,1.101,1.101,1.175,1.077,0.087,0.089,0.561,0.466,0.578,0.086,0.089,0.088,0.96,0.899,0.089,0.091,0.087,0.098,0.531,0.556,0.484,0.087,0.086,0.087,1.073,1.1,0.087,0.09,0.09,0.239,0.093,0.085,0.086,0.087,0.087,0.088,0.086,0.086,0.092,0.377,0.239
,19:29:16,28.1,0.214,0.247,0.295,0.252,0.089,0.086,0.275,0.387,0.099,0.091,0.094,0.449,0.114,0.206,0.237,0.22,0.366,0.309,0.305,1.133,1.165,1.113,1.115,0.09,0.439,0.43,0.494,0.438,0.838,0.928,0.906,0.876,0.953,0.931,0.912,0.088,0.156,0.882,0.868,0.887,0.444,0.552,0.497,0.895,1.017,1.04,1.047,0.087,0.09,0.198,0.214,0.222,1.082,1.133,1.117,1.099,1.103,1.176,1.075,0.087,0.089,0.559,0.461,0.567,0.086,0.089,0.088,0.959,0.9,0.089,0.091,0.087,0.098,0.525,0.556,0.481,0.087,0.086,0.086,1.074,1.096,0.087,0.09,0.09,0.239,0.093,0.085,0.087,0.087,0.087,0.088,0.087,0.086,0.092,0.378,0.24
,19:44:16,28.1,0.213,0.246,0.296,0.253,0.089,0.086,0.275,0.387,0.099,0.091,0.094,0.443,0.114,0.226,0.257,0.235,0.361,0.312,0.305,1.139,1.17,1.12,1.117,0.09,0.439,0.433,0.495,0.443,0.843,0.941,0.915,0.876,0.956,0.945,0.921,0.088,0.157,0.891,0.873,0.898,0.444,0.553,0.493,0.901,1.016,1.052,1.052,0.086,0.09,0.201,0.226,0.233,1.088,1.133,1.118,1.105,1.104,1.181,1.074,0.087,0.089,0.558,0.455,0.566,0.086,0.089,0.088,0.967,0.902,0.089,0.091,0.087,0.098,0.527,0.551,0.475,0.087,0.086,0.086,1.077,1.103,0.087,0.09,0.09,0.237,0.093,0.085,0.086,0.087,0.087,0.088,0.087,0.086,0.092,0.377,0.239
,19:59:16,28.1,0.214,0.248,0.296,0.25,0.089,0.086,0.272,0.387,0.098,0.091,0.094,0.445,0.113,0.229,0.268,0.243,0.366,0.308,0.302,1.133,1.165,1.111,1.113,0.09,0.439,0.43,0.493,0.43,0.847,0.927,0.899,0.882,0.956,0.936,0.911,0.088,0.158,0.875,0.872,0.886,0.444,0.553,0.493,0.9,1.022,1.039,1.051,0.086,0.09,0.21,0.233,0.244,1.087,1.135,1.12,1.099,1.106,1.18,1.081,0.087,0.089,0.552,0.449,0.557,0.086,0.089,0.088,0.96,0.905,0.089,0.091,0.087,0.098,0.521,0.548,0.473,0.087,0.086,0.086,1.074,1.095,0.087,0.09,0.09,0.239,0.093,0.085,0.086,0.087,0.087,0.088,0.086,0.086,0.092,0.378,0.24
,20:14:16,28.1,0.215,0.249,0.298,0.25,0.089,0.086,0.271,0.388,0.098,0.091,0.094,0.443,0.114,0.256,0.293,0.266,0.356,0.308,0.297,1.145,1.174,1.12,1.118,0.09,0.439,0.426,0.493,0.429,0.852,0.931,0.912,0.904,0.963,0.946,0.926,0.088,0.157,0.885,0.875,0.897,0.442,0.554,0.492,0.906,1.021,1.054,1.055,0.087,0.09,0.213,0.247,0.259,1.094,1.138,1.121,1.112,1.111,1.187,1.08,0.087,0.089,0.556,0.439,0.555,0.087,0.09,0.088,0.969,0.91,0.089,0.091,0.087,0.098,0.526,0.545,0.47,0.087,0.086,0.087,1.08,1.101,0.087,0.09,0.09,0.239,0.093,0.085,0.086,0.087,0.087,0.088,0.087,0.086,0.092,0.378,0.24
,20:29:16,28.1,0.214,0.248,0.296,0.251,0.089,0.086,0.273,0.388,0.099,0.091,0.094,0.444,0.113,0.263,0.298,0.269,0.364,0.302,0.295,1.138,1.173,1.119,1.121,0.09,0.439,0.425,0.491,0.415,0.841,0.933,0.908,0.884,0.959,0.949,0.917,0.088,0.157,0.884,0.879,0.897,0.44,0.553,0.49,0.909,1.034,1.047,1.056,0.086,0.09,0.229,0.254,0.272,1.094,1.142,1.123,1.109,1.109,1.185,1.083,0.087,0.089,0.555,0.44,0.54,0.087,0.09,0.088,0.971,0.908,0.089,0.091,0.087,0.098,0.521,0.54,0.467,0.087,0.086,0.087,1.076,1.101,0.087,0.09,0.09,0.239,0.093,0.085,0.086,0.087,0.087,0.088,0.086,0.086,0.092,0.378,0.239
,20:44:16,28.1,0.215,0.249,0.298,0.249,0.089,0.086,0.271,0.388,0.098,0.091,0.094,0.443,0.114,0.28,0.321,0.301,0.351,0.301,0.291,1.147,1.18,1.122,1.123,0.09,0.439,0.424,0.492,0.402,0.857,0.932,0.918,0.892,0.967,0.953,0.928,0.088,0.156,0.889,0.884,0.902,0.44,0.555,0.489,0.91,1.027,1.058,1.057,0.087,0.09,0.234,0.264,0.275,1.098,1.144,1.125,1.114,1.114,1.189,1.089,0.087,0.089,0.558,0.428,0.539,0.087,0.09,0.088,0.975,0.911,0.089,0.091,0.087,0.098,0.521,0.536,0.463,0.087,0.086,0.086,1.083,1.106,0.087,0.09,0.09,0.239,0.093,0.085,0.086,0.087,0.087,0.088,0.086,0.086,0.092,0.377,0.237
,20:59:16,28.1,0.216,0.249,0.299,0.249,0.089,0.086,0.273,0.388,0.098,0.091,0.094,0.443,0.114,0.285,0.34,0.307,0.362,0.302,0.287,1.14,1.183,1.121,1.121,0.09,0.439,0.42,0.491,0.395,0.854,0.942,0.916,0.89,0.965,0.954,0.925,0.088,0.156,0.883,0.886,0.908,0.44,0.556,0.49,0.91,1.028,1.054,1.057,0.087,0.09,0.245,0.284,0.282,1.098,1.146,1.125,1.114,1.112,1.188,1.09,0.087,0.089,0.559,0.424,0.528,0.088,0.09,0.088,0.973,0.912,0.089,0.091,0.087,0.098,0.519,0.533,0.46,0.087,0.086,0.087,1.079,1.108,0.087,0.09,0.09,0.239,0.093,0.085,0.086,0.087,0.087,0.088,0.087,0.086,0.092,0.378,0.24
,21:14:16,28.1,0.213,0.247,0.297,0.251,0.089,0.086,0.273,0.387,0.099,0.091,0.094,0.444,0.114,0.295,0.358,0.325,0.348,0.304,0.285,1.152,1.182,1.135,1.133,0.09,0.439,0.418,0.492,0.382,0.867,0.953,0.932,0.893,0.972,0.961,0.936,0.088,0.157,0.907,0.889,0.916,0.438,0.558,0.487,0.924,1.034,1.062,1.062,0.087,0.09,0.256,0.298,0.292,1.105,1.151,1.131,1.12,1.119,1.2,1.094,0.087,0.089,0.556,0.422,0.525,0.088,0.091,0.089,0.977,0.917,0.089,0.091,0.087,0.098,0.519,0.531,0.458,0.087,0.086,0.086,1.091,1.115,0.087,0.09,0.09,0.24,0.093,0.085,0.086,0.087,0.087,0.088,0.086,0.086,0.092,0.378,0.238
,21:29:16,28.1,0.213,0.247,0.298,0.251,0.089,0.086,0.274,0.387,0.099,0.091,0.094,0.444,0.114,0.315,0.395,0.355,0.347,0.301,0.285,1.151,1.191,1.132,1.135,0.09,0.439,0.409,0.491,0.379,0.857,0.95,0.925,0.888,0.968,0.958,0.926,0.088,0.156,0.892,0.893,0.914,0.434,0.554,0.488,0.915,1.031,1.056,1.069,0.087,0.09,0.266,0.309,0.308,1.106,1.154,1.132,1.119,1.121,1.2,1.093,0.087,0.089,0.551,0.418,0.512,0.089,0.091,0.089,0.981,0.918,0.089,0.091,0.087,0.098,0.517,0.53,0.454,0.087,0.086,0.087,1.086,1.115,0.087,0.09,0.09,0.24,0.093,0.085,0.086,0.087,0.087,0.088,0.087,0.086,0.092,0.377,0.24
,21:44:16,28.1,0.214,0.247,0.297,0.251,0.089,0.086,0.272,0.387,0.099,0.091,0.094,0.442,0.114,0.326,0.41,0.363,0.352,0.303,0.284,1.153,1.186,1.134,1.132,0.09,0.439,0.409,0.488,0.376,0.863,0.951,0.922,0.893,0.968,0.966,0.936,0.088,0.156,0.899,0.891,0.916,0.432,0.552,0.489,0.921,1.035,1.065,1.068,0.087,0.09,0.277,0.33,0.334,1.109,1.151,1.131,1.122,1.122,1.198,1.098,0.087,0.089,0.541,0.414,0.486,0.089,0.092,0.089,0.979,0.918,0.089,0.091,0.087,0.098,0.515,0.528,0.456,0.087,0.086,0.087,1.087,1.114,0.087,0.09,0.09,0.238,0.093,0.085,0.087,0.087,0.087,0.088,0.087,0.086,0.092,0.377,0.24
,21:59:16,28.1,0.214,0.248,0.297,0.251,0.089,0.086,0.272,0.387,0.098,0.091,0.094,0.442,0.114,0.335,0.426,0.395,0.347,0.301,0.283,1.161,1.189,1.136,1.137,0.09,0.439,0.406,0.489,0.369,0.878,0.954,0.927,0.902,0.973,0.964,0.942,0.088,0.156,0.905,0.896,0.919,0.429,0.552,0.485,0.926,1.038,1.068,1.067,0.086,0.09,0.295,0.354,0.355,1.112,1.155,1.132,1.127,1.125,1.201,1.101,0.087,0.089,0.541,0.41,0.485,0.09,0.093,0.09,0.983,0.92,0.089,0.091,0.087,0.098,0.514,0.526,0.45,0.087,0.086,0.087,1.091,1.115,0.087,0.09,0.09,0.239,0.093,0.085,0.086,0.087,0.087,0.088,0.087,0.086,0.092,0.377,0.239
,22:14:16,28.1,0.213,0.249,0.296,0.25,0.089,0.086,0.271,0.387,0.098,0.091,0.094,0.443,0.113,0.371,0.428,0.41,0.354,0.299,0.282,1.16,1.188,1.129,1.137,0.09,0.439,0.4,0.487,0.364,0.865,0.947,0.916,0.906,0.973,0.96,0.928,0.088,0.158,0.892,0.897,0.913,0.426,0.551,0.483,0.922,1.046,1.063,1.076,0.086,0.09,0.302,0.374,0.372,1.11,1.157,1.132,1.126,1.125,1.201,1.104,0.087,0.089,0.538,0.409,0.465,0.091,0.094,0.09,0.983,0.918,0.089,0.091,0.087,0.098,0.512,0.524,0.45,0.087,0.086,0.086,1.091,1.115,0.087,0.09,0.09,0.237,0.092,0.085,0.086,0.087,0.087,0.088,0.086,0.086,0.092,0.377,0.241
,22:29:16,28.1,0.215,0.249,0.297,0.25,0.089,0.086,0.272,0.387,0.098,0.091,0.094,0.441,0.113,0.382,0.462,0.439,0.346,0.298,0.282,1.169,1.194,1.137,1.143,0.09,0.439,0.399,0.487,0.361,0.878,0.95,0.931,0.924,0.98,0.974,0.942,0.088,0.157,0.904,0.903,0.927,0.423,0.551,0.48,0.928,1.034,1.074,1.08,0.086,0.09,0.319,0.397,0.384,1.116,1.163,1.142,1.132,1.133,1.21,1.108,0.087,0.089,0.539,0.406,0.46,0.092,0.095,0.091,0.987,0.923,0.089,0.091,0.087,0.098,0.513,0.523,0.449,0.087,0.086,0.086,1.098,1.123,0.087,0.09,0.09,0.239,0.093,0.085,0.086,0.087,0.087,0.088,0.086,0.086,0.092,0.377,0.238
,22:44:16,28.1,0.214,0.248,0.297,0.25,0.089,0.086,0.271,0.387,0.099,0.091,0.094,0.44,0.114,0.408,0.489,0.452,0.348,0.301,0.283,1.17,1.204,1.144,1.145,0.09,0.439,0.395,0.483,0.362,0.879,0.959,0.933,0.905,0.978,0.972,0.949,0.088,0.157,0.909,0.907,0.93,0.42,0.547,0.479,0.931,1.042,1.07,1.08,0.087,0.09,0.335,0.403,0.407,1.118,1.163,1.14,1.131,1.133,1.208,1.108,0.087,0.089,0.536,0.405,0.458,0.093,0.096,0.092,0.991,0.924,0.089,0.091,0.087,0.098,0.512,0.52,0.447,0.088,0.086,0.087,1.098,1.125,0.087,0.09,0.09,0.24,0.093,0.085,0.086,0.087,0.087,0.088,0.087,0.086,0.092,0.377,0.239
,22:59:16,28.1,0.214,0.248,0.296,0.25,0.089,0.086,0.271,0.386,0.098,0.091,0.094,0.443,0.113,0.424,0.49,0.463,0.35,0.292,0.284,1.172,1.194,1.138,1.142,0.089,0.438,0.392,0.482,0.361,0.874,0.94,0.92,0.924,0.978,0.966,0.932,0.088,0.157,0.89,0.905,0.93,0.417,0.545,0.476,0.934,1.052,1.074,1.079,0.087,0.09,0.354,0.43,0.423,1.113,1.165,1.143,1.131,1.13,1.21,1.109,0.087,0.089,0.537,0.404,0.459,0.095,0.097,0.093,0.988,0.927,0.089,0.091,0.087,0.098,0.512,0.519,0.447,0.087,0.086,0.087,1.096,1.125,0.087,0.09,0.09,0.238,0.093,0.085,0.086,0.087,0.087,0.088,0.086,0.086,0.092,0.378,0.239
,23:14:16,28.1,0.213,0.247,0.296,0.251,0.089,0.086,0.27,0.387,0.098,0.091,0.094,0.439,0.113,0.442,0.522,0.477,0.349,0.3,0.285,1.176,1.208,1.146,1.153,0.09,0.438,0.388,0.479,0.354,0.881,0.965,0.938,0.902,0.98,0.979,0.947,0.088,0.156,0.91,0.91,0.934,0.415,0.543,0.474,0.935,1.049,1.074,1.086,0.086,0.09,0.372,0.443,0.455,1.123,1.163,1.144,1.137,1.135,1.212,1.113,0.087,0.089,0.526,0.4,0.454,0.096,0.099,0.093,0.992,0.927,0.089,0.091,0.087,0.098,0.51,0.517,0.444,0.087,0.086,0.086,1.097,1.125,0.087,0.09,0.089,0.239,0.093,0.085,0.086,0.087,0.087,0.088,0.087,0.086,0.092,0.376,0.238
,23:29:16,28.1,0.213,0.247,0.297,0.25,0.089,0.086,0.272,0.386,0.099,0.091,0.094,0.444,0.113,0.459,0.51,0.489,0.35,0.3,0.286,1.181,1.201,1.141,1.149,0.09,0.438,0.386,0.477,0.351,0.881,0.951,0.923,0.912,0.981,0.973,0.939,0.088,0.157,0.897,0.911,0.923,0.41,0.54,0.474,0.936,1.058,1.071,1.086,0.087,0.09,0.384,0.473,0.47,1.12,1.165,1.141,1.136,1.137,1.213,1.115,0.087,0.089,0.526,0.399,0.458,0.099,0.101,0.095,0.991,0.929,0.089,0.091,0.087,0.098,0.508,0.517,0.443,0.087,0.086,0.086,1.101,1.13,0.087,0.09,0.09,0.239,0.093,0.085,0.086,0.087,0.087,0.088,0.087,0.086,0.092,0.377,0.239
,23:44:16,28.1,0.214,0.248,0.297,0.25,0.089,0.086,0.272,0.387,0.098,0.091,0.094,0.438,0.113,0.468,0.533,0.51,0.35,0.302,0.288,1.182,1.209,1.149,1.15,0.09,0.438,0.382,0.476,0.348,0.887,0.962,0.936,0.908,0.984,0.979,0.95,0.088,0.157,0.914,0.916,0.935,0.408,0.541,0.472,0.943,1.054,1.078,1.09,0.086,0.09,0.402,0.476,0.487,1.131,1.169,1.148,1.142,1.142,1.215,1.117,0.087,0.089,0.528,0.395,0.462,0.103,0.103,0.096,0.995,0.933,0.089,0.091,0.087,0.098,0.51,0.517,0.443,0.087,0.086,0.087,1.109,1.129,0.087,0.09,0.09,0.24,0.093,0.085,0.086,0.087,0.087,0.088,0.087,0.086,0.092,0.377,0.237
,23:59:16,28.1,0.213,0.247,0.296,0.25,0.089,0.086,0.271,0.386,0.098,0.091,0.094,0.444,0.113,0.489,0.531,0.509,0.348,0.298,0.286,1.183,1.205,1.145,1.15,0.089,0.438,0.378,0.471,0.342,0.881,0.954,0.921,0.912,0.983,0.974,0.939,0.088,0.157,0.896,0.914,0.93,0.406,0.537,0.467,0.94,1.064,1.077,1.088,0.086,0.09,0.419,0.499,0.486,1.127,1.169,1.144,1.145,1.14,1.216,1.118,0.087,0.089,0.518,0.39,0.463,0.105,0.107,0.098,0.995,0.932,0.089,0.091,0.087,0.098,0.509,0.514,0.441,0.087,0.086,0.086,1.108,1.137,0.087,0.09,0.09,0.239,0.092,0.085,0.086,0.087,0.087,0.088,0.086,0.086,0.092,0.377,0.238
,24:14:16,28.1,0.215,0.248,0.298,0.249,0.089,0.086,0.27,0.387,0.098,0.091,0.094,0.44,0.114,0.494,0.556,0.538,0.352,0.299,0.289,1.189,1.214,1.153,1.161,0.09,0.438,0.378,0.471,0.345,0.898,0.958,0.934,0.936,0.987,0.988,0.953,0.088,0.156,0.909,0.921,0.937,0.403,0.535,0.47,0.943,1.056,1.082,1.096,0.087,0.09,0.417,0.508,0.498,1.131,1.177,1.151,1.147,1.146,1.221,1.119,0.087,0.089,0.522,0.386,0.476,0.112,0.114,0.1,0.999,0.937,0.089,0.091,0.087,0.097,0.509,0.517,0.443,0.087,0.086,0.087,1.113,1.139,0.087,0.09,0.09,0.241,0.093,0.085,0.087,0.087,0.087,0.088,0.087,0.086,0.092,0.377,0.238
